{"nm":"Calendar Icon","ddd":0,"h":128,"w":128,"meta":{"a":"Ision Industries","k":"Calendar, Month","d":"Calendar Icon","g":"LottieFiles AE 0.1.20"},"layers":[{"ty":4,"nm":"X Comp Matte 3","sr":1,"st":214,"op":250,"ip":214,"hd":false,"ddd":0,"bm":0,"hasMask":false,"td":1,"ao":0,"ks":{"a":{"a":0,"k":[0,0,0],"ix":1},"s":{"a":0,"k":[133.333,133.333,100],"ix":6},"sk":{"a":0,"k":0},"p":{"a":0,"k":[64,64,0],"ix":2},"r":{"a":0,"k":0,"ix":10},"sa":{"a":0,"k":0},"o":{"a":0,"k":100,"ix":11}},"ef":[],"shapes":[{"ty":"gr","bm":0,"hd":false,"mn":"ADBE Vector Group","nm":"Group 1","ix":1,"cix":2,"np":2,"it":[{"ty":"sh","bm":0,"hd":false,"mn":"ADBE Vector Shape - Group","nm":"Path 1","ix":1,"d":1,"ks":{"a":0,"k":{"c":true,"i":[[0.552,0],[0,0],[0,0.552],[0,0],[-0.552,0],[0,0],[0,-0.552],[0,0]],"o":[[0,0],[-0.552,0],[0,0],[0,-0.552],[0,0],[0.552,0],[0,0],[0,0.552]],"v":[[22,19],[-22,19],[-23,18],[-23,-12],[-22,-13],[22,-13],[23,-12],[23,18]]},"ix":2}},{"ty":"fl","bm":0,"hd":false,"mn":"ADBE Vector Graphic - Fill","nm":"Fill 1","c":{"a":0,"k":[1,1,1],"ix":4},"r":1,"o":{"a":0,"k":100,"ix":5}},{"ty":"tr","a":{"a":0,"k":[0,0],"ix":1},"s":{"a":0,"k":[100,100],"ix":3},"sk":{"a":0,"k":0,"ix":4},"p":{"a":0,"k":[0,0],"ix":2},"r":{"a":0,"k":0,"ix":6},"sa":{"a":0,"k":0,"ix":5},"o":{"a":0,"k":100,"ix":7}}]}],"ind":1},{"ty":0,"nm":"X's Comp","sr":1,"st":214,"op":258,"ip":214,"hd":false,"ddd":0,"bm":0,"tt":1,"hasMask":false,"ao":0,"ks":{"a":{"a":0,"k":[960,960,0],"ix":1},"s":{"a":0,"k":[6.667,6.667,100],"ix":6},"sk":{"a":0,"k":0},"p":{"a":0,"k":[64,64,0],"ix":2},"r":{"a":0,"k":0,"ix":10},"sa":{"a":0,"k":0},"o":{"a":0,"k":100,"ix":11}},"ef":[],"w":1920,"h":1920,"refId":"comp_0","ind":2},{"ty":4,"nm":"Date Squares Matte 3","sr":1,"st":214,"op":250,"ip":214,"hd":false,"ddd":0,"bm":0,"hasMask":false,"td":1,"ao":0,"ks":{"a":{"a":0,"k":[0,0,0],"ix":1},"s":{"a":0,"k":[133.333,133.333,100],"ix":6},"sk":{"a":0,"k":0},"p":{"a":0,"k":[64,64,0],"ix":2},"r":{"a":0,"k":0,"ix":10},"sa":{"a":0,"k":0},"o":{"a":0,"k":100,"ix":11}},"ef":[],"shapes":[{"ty":"gr","bm":0,"hd":false,"mn":"ADBE Vector Group","nm":"Group 1","ix":1,"cix":2,"np":2,"it":[{"ty":"sh","bm":0,"hd":false,"mn":"ADBE Vector Shape - Group","nm":"Path 1","ix":1,"d":1,"ks":{"a":0,"k":{"c":true,"i":[[0.552,0],[0,0],[0,0.552],[0,0],[-0.552,0],[0,0],[0,-0.552],[0,0]],"o":[[0,0],[-0.552,0],[0,0],[0,-0.552],[0,0],[0.552,0],[0,0],[0,0.552]],"v":[[22,19],[-22,19],[-23,18],[-23,-12],[-22,-13],[22,-13],[23,-12],[23,18]]},"ix":2}},{"ty":"fl","bm":0,"hd":false,"mn":"ADBE Vector Graphic - Fill","nm":"Fill 1","c":{"a":0,"k":[1,1,1],"ix":4},"r":1,"o":{"a":0,"k":100,"ix":5}},{"ty":"tr","a":{"a":0,"k":[0,0],"ix":1},"s":{"a":0,"k":[100,100],"ix":3},"sk":{"a":0,"k":0,"ix":4},"p":{"a":0,"k":[0,0],"ix":2},"r":{"a":0,"k":0,"ix":6},"sa":{"a":0,"k":0,"ix":5},"o":{"a":0,"k":100,"ix":7}}]}],"ind":3},{"ty":4,"nm":"Date Squares 3","sr":1,"st":214,"op":250,"ip":214,"hd":false,"ddd":0,"bm":0,"tt":1,"hasMask":false,"ao":0,"ks":{"a":{"a":0,"k":[0,3,0],"ix":1},"s":{"a":0,"k":[133.333,133.333,100],"ix":6},"sk":{"a":0,"k":0},"p":{"a":0,"k":[64,68,0],"ix":2},"r":{"a":0,"k":0,"ix":10},"sa":{"a":0,"k":0},"o":{"a":0,"k":100,"ix":11}},"ef":[],"shapes":[{"ty":"gr","bm":0,"hd":false,"mn":"ADBE Vector Group","nm":"Square 1","ix":1,"cix":2,"np":2,"it":[{"ty":"sh","bm":0,"hd":false,"mn":"ADBE Vector Shape - Group","nm":"Path 1","ix":1,"d":1,"ks":{"a":0,"k":{"c":true,"i":[[0.736,0],[0,0],[0,0.736],[0,0],[-0.736,0],[0,0],[0,-0.736],[0,0]],"o":[[0,0],[-0.736,0],[0,0],[0,-0.736],[0,0],[0.736,0],[0,0],[0,0.736]],"v":[[-12.333,-3],[-17.667,-3],[-19,-4.333],[-19,-9.667],[-17.667,-11],[-12.333,-11],[-11,-9.667],[-11,-4.333]]},"ix":2}},{"ty":"fl","bm":0,"hd":false,"mn":"ADBE Vector Graphic - Fill","nm":"Fill 1","c":{"a":0,"k":[0,0.5137,0.0196],"ix":4},"r":1,"o":{"a":0,"k":100,"ix":5}},{"ty":"tr","a":{"a":0,"k":[-14.995,-6.998],"ix":1},"s":{"a":1,"k":[{"o":{"x":1,"y":0},"i":{"x":0,"y":1.411},"s":[0,0],"t":214},{"s":[100,100],"t":234}],"ix":3},"sk":{"a":0,"k":0,"ix":4},"p":{"a":1,"k":[{"o":{"x":1,"y":0},"i":{"x":0.667,"y":1},"s":[-14.995,-6.998],"t":338,"ti":[0,0],"to":[0,0]},{"s":[-14.995,25.001],"t":358}],"ix":2},"r":{"a":0,"k":0,"ix":6},"sa":{"a":0,"k":0,"ix":5},"o":{"a":0,"k":100,"ix":7}}]},{"ty":"gr","bm":0,"hd":false,"mn":"ADBE Vector Group","nm":"Square 2","ix":2,"cix":2,"np":2,"it":[{"ty":"sh","bm":0,"hd":false,"mn":"ADBE Vector Shape - Group","nm":"Path 1","ix":1,"d":1,"ks":{"a":0,"k":{"c":true,"i":[[0.736,0],[0,0],[0,0.736],[0,0],[-0.736,0],[0,0],[0,-0.736],[0,0]],"o":[[0,0],[-0.736,0],[0,0],[0,-0.736],[0,0],[0.736,0],[0,0],[0,0.736]],"v":[[-2.333,-3],[-7.667,-3],[-9,-4.333],[-9,-9.667],[-7.667,-11],[-2.333,-11],[-1,-9.667],[-1,-4.333]]},"ix":2}},{"ty":"fl","bm":0,"hd":false,"mn":"ADBE Vector Graphic - Fill","nm":"Fill 1","c":{"a":0,"k":[0,0.5137,0.0196],"ix":4},"r":1,"o":{"a":0,"k":100,"ix":5}},{"ty":"tr","a":{"a":0,"k":[-4.999,-6.997],"ix":1},"s":{"a":1,"k":[{"o":{"x":1,"y":0},"i":{"x":0,"y":1.411},"s":[0,0],"t":216},{"s":[100,100],"t":236}],"ix":3},"sk":{"a":0,"k":0,"ix":4},"p":{"a":1,"k":[{"o":{"x":1,"y":0},"i":{"x":0.667,"y":1},"s":[-4.999,-6.997],"t":336,"ti":[0,0],"to":[0,0]},{"s":[-4.999,25.001],"t":356}],"ix":2},"r":{"a":0,"k":0,"ix":6},"sa":{"a":0,"k":0,"ix":5},"o":{"a":0,"k":100,"ix":7}}]},{"ty":"gr","bm":0,"hd":false,"mn":"ADBE Vector Group","nm":"Square 3","ix":3,"cix":2,"np":2,"it":[{"ty":"sh","bm":0,"hd":false,"mn":"ADBE Vector Shape - Group","nm":"Path 1","ix":1,"d":1,"ks":{"a":0,"k":{"c":true,"i":[[0.736,0],[0,0],[0,0.736],[0,0],[-0.736,0],[0,0],[0,-0.736],[0,0]],"o":[[0,0],[-0.736,0],[0,0],[0,-0.736],[0,0],[0.736,0],[0,0],[0,0.736]],"v":[[7.667,-3],[2.333,-3],[1,-4.333],[1,-9.667],[2.333,-11],[7.667,-11],[9,-9.667],[9,-4.333]]},"ix":2}},{"ty":"fl","bm":0,"hd":false,"mn":"ADBE Vector Graphic - Fill","nm":"Fill 1","c":{"a":0,"k":[0,0.5137,0.0196],"ix":4},"r":1,"o":{"a":0,"k":100,"ix":5}},{"ty":"tr","a":{"a":0,"k":[5.002,-6.995],"ix":1},"s":{"a":1,"k":[{"o":{"x":1,"y":0},"i":{"x":0,"y":1.411},"s":[0,0],"t":218},{"s":[100,100],"t":238}],"ix":3},"sk":{"a":0,"k":0,"ix":4},"p":{"a":1,"k":[{"o":{"x":1,"y":0},"i":{"x":0.667,"y":1},"s":[5.002,-6.995],"t":334,"ti":[0,0],"to":[0,0]},{"s":[5.002,25.001],"t":354}],"ix":2},"r":{"a":0,"k":0,"ix":6},"sa":{"a":0,"k":0,"ix":5},"o":{"a":0,"k":100,"ix":7}}]},{"ty":"gr","bm":0,"hd":false,"mn":"ADBE Vector Group","nm":"Square 4","ix":4,"cix":2,"np":2,"it":[{"ty":"sh","bm":0,"hd":false,"mn":"ADBE Vector Shape - Group","nm":"Path 1","ix":1,"d":1,"ks":{"a":0,"k":{"c":true,"i":[[0.736,0],[0,0],[0,0.736],[0,0],[-0.736,0],[0,0],[0,-0.736],[0,0]],"o":[[0,0],[-0.736,0],[0,0],[0,-0.736],[0,0],[0.736,0],[0,0],[0,0.736]],"v":[[17.667,-3],[12.333,-3],[11,-4.333],[11,-9.667],[12.333,-11],[17.667,-11],[19,-9.667],[19,-4.333]]},"ix":2}},{"ty":"fl","bm":0,"hd":false,"mn":"ADBE Vector Graphic - Fill","nm":"Fill 1","c":{"a":0,"k":[0,0.5137,0.0196],"ix":4},"r":1,"o":{"a":0,"k":100,"ix":5}},{"ty":"tr","a":{"a":0,"k":[15,-6.995],"ix":1},"s":{"a":1,"k":[{"o":{"x":1,"y":0},"i":{"x":0,"y":1.411},"s":[0,0],"t":220},{"s":[100,100],"t":240}],"ix":3},"sk":{"a":0,"k":0,"ix":4},"p":{"a":1,"k":[{"o":{"x":1,"y":0},"i":{"x":0.667,"y":1},"s":[15,-6.995],"t":332,"ti":[0,0],"to":[0,0]},{"s":[15,25.001],"t":352}],"ix":2},"r":{"a":0,"k":0,"ix":6},"sa":{"a":0,"k":0,"ix":5},"o":{"a":0,"k":100,"ix":7}}]},{"ty":"gr","bm":0,"hd":false,"mn":"ADBE Vector Group","nm":"Square 5","ix":5,"cix":2,"np":2,"it":[{"ty":"sh","bm":0,"hd":false,"mn":"ADBE Vector Shape - Group","nm":"Path 1","ix":1,"d":1,"ks":{"a":0,"k":{"c":true,"i":[[0.736,0],[0,0],[0,0.736],[0,0],[-0.736,0],[0,0],[0,-0.736],[0,0]],"o":[[0,0],[-0.736,0],[0,0],[0,-0.736],[0,0],[0.736,0],[0,0],[0,0.736]],"v":[[-12.333,7],[-17.667,7],[-19,5.667],[-19,0.333],[-17.667,-1],[-12.333,-1],[-11,0.333],[-11,5.667]]},"ix":2}},{"ty":"fl","bm":0,"hd":false,"mn":"ADBE Vector Graphic - Fill","nm":"Fill 1","c":{"a":0,"k":[0,0.5137,0.0196],"ix":4},"r":1,"o":{"a":0,"k":100,"ix":5}},{"ty":"tr","a":{"a":0,"k":[-14.999,3],"ix":1},"s":{"a":1,"k":[{"o":{"x":1,"y":0},"i":{"x":0,"y":1.411},"s":[0,0],"t":222},{"s":[100,100],"t":242}],"ix":3},"sk":{"a":0,"k":0,"ix":4},"p":{"a":1,"k":[{"o":{"x":1,"y":0},"i":{"x":0.667,"y":1},"s":[-14.999,3],"t":330,"ti":[0,0],"to":[0,0]},{"s":[-14.999,25.001],"t":350}],"ix":2},"r":{"a":0,"k":0,"ix":6},"sa":{"a":0,"k":0,"ix":5},"o":{"a":0,"k":100,"ix":7}}]},{"ty":"gr","bm":0,"hd":false,"mn":"ADBE Vector Group","nm":"Square 6","ix":6,"cix":2,"np":2,"it":[{"ty":"sh","bm":0,"hd":false,"mn":"ADBE Vector Shape - Group","nm":"Path 1","ix":1,"d":1,"ks":{"a":0,"k":{"c":true,"i":[[0.736,0],[0,0],[0,0.736],[0,0],[-0.736,0],[0,0],[0,-0.736],[0,0]],"o":[[0,0],[-0.736,0],[0,0],[0,-0.736],[0,0],[0.736,0],[0,0],[0,0.736]],"v":[[-2.333,7],[-7.667,7],[-9,5.667],[-9,0.333],[-7.667,-1],[-2.333,-1],[-1,0.333],[-1,5.667]]},"ix":2}},{"ty":"fl","bm":0,"hd":false,"mn":"ADBE Vector Graphic - Fill","nm":"Fill 1","c":{"a":0,"k":[0,0.5137,0.0196],"ix":4},"r":1,"o":{"a":0,"k":100,"ix":5}},{"ty":"tr","a":{"a":0,"k":[-4.999,3.002],"ix":1},"s":{"a":1,"k":[{"o":{"x":1,"y":0},"i":{"x":0,"y":1.411},"s":[0,0],"t":224},{"s":[100,100],"t":244}],"ix":3},"sk":{"a":0,"k":0,"ix":4},"p":{"a":1,"k":[{"o":{"x":1,"y":0},"i":{"x":0.667,"y":1},"s":[-4.999,3.002],"t":328,"ti":[0,0],"to":[0,0]},{"s":[-4.999,25.001],"t":348}],"ix":2},"r":{"a":0,"k":0,"ix":6},"sa":{"a":0,"k":0,"ix":5},"o":{"a":0,"k":100,"ix":7}}]},{"ty":"gr","bm":0,"hd":false,"mn":"ADBE Vector Group","nm":"Square 7","ix":7,"cix":2,"np":2,"it":[{"ty":"sh","bm":0,"hd":false,"mn":"ADBE Vector Shape - Group","nm":"Path 1","ix":1,"d":1,"ks":{"a":0,"k":{"c":true,"i":[[0.736,0],[0,0],[0,0.736],[0,0],[-0.736,0],[0,0],[0,-0.736],[0,0]],"o":[[0,0],[-0.736,0],[0,0],[0,-0.736],[0,0],[0.736,0],[0,0],[0,0.736]],"v":[[7.667,7],[2.333,7],[1,5.667],[1,0.333],[2.333,-1],[7.667,-1],[9,0.333],[9,5.667]]},"ix":2}},{"ty":"fl","bm":0,"hd":false,"mn":"ADBE Vector Graphic - Fill","nm":"Fill 1","c":{"a":0,"k":[0,0.5137,0.0196],"ix":4},"r":1,"o":{"a":0,"k":100,"ix":5}},{"ty":"tr","a":{"a":0,"k":[5.135,3.159],"ix":1},"s":{"a":1,"k":[{"o":{"x":1,"y":0},"i":{"x":0,"y":1.411},"s":[0,0],"t":226},{"s":[100,100],"t":246}],"ix":3},"sk":{"a":0,"k":0,"ix":4},"p":{"a":1,"k":[{"o":{"x":1,"y":0},"i":{"x":0.667,"y":1},"s":[5.001,3.004],"t":326,"ti":[0,0],"to":[0,0]},{"s":[5.001,25.001],"t":346}],"ix":2},"r":{"a":0,"k":0,"ix":6},"sa":{"a":0,"k":0,"ix":5},"o":{"a":0,"k":100,"ix":7}}]},{"ty":"gr","bm":0,"hd":false,"mn":"ADBE Vector Group","nm":"Square 8","ix":8,"cix":2,"np":2,"it":[{"ty":"sh","bm":0,"hd":false,"mn":"ADBE Vector Shape - Group","nm":"Path 1","ix":1,"d":1,"ks":{"a":0,"k":{"c":true,"i":[[0.736,0],[0,0],[0,0.736],[0,0],[-0.736,0],[0,0],[0,-0.736],[0,0]],"o":[[0,0],[-0.736,0],[0,0],[0,-0.736],[0,0],[0.736,0],[0,0],[0,0.736]],"v":[[17.667,7],[12.333,7],[11,5.667],[11,0.333],[12.333,-1],[17.667,-1],[19,0.333],[19,5.667]]},"ix":2}},{"ty":"fl","bm":0,"hd":false,"mn":"ADBE Vector Graphic - Fill","nm":"Fill 1","c":{"a":0,"k":[0,0.5137,0.0196],"ix":4},"r":1,"o":{"a":0,"k":100,"ix":5}},{"ty":"tr","a":{"a":0,"k":[15.002,2.999],"ix":1},"s":{"a":1,"k":[{"o":{"x":1,"y":0},"i":{"x":0,"y":1.411},"s":[0,0],"t":228},{"s":[100,100],"t":248}],"ix":3},"sk":{"a":0,"k":0,"ix":4},"p":{"a":1,"k":[{"o":{"x":1,"y":0},"i":{"x":0.667,"y":1},"s":[15.002,2.999],"t":324,"ti":[0,0],"to":[0,0]},{"s":[15.002,25.001],"t":344}],"ix":2},"r":{"a":0,"k":0,"ix":6},"sa":{"a":0,"k":0,"ix":5},"o":{"a":0,"k":100,"ix":7}}]},{"ty":"gr","bm":0,"hd":false,"mn":"ADBE Vector Group","nm":"Square 9","ix":9,"cix":2,"np":2,"it":[{"ty":"sh","bm":0,"hd":false,"mn":"ADBE Vector Shape - Group","nm":"Path 1","ix":1,"d":1,"ks":{"a":0,"k":{"c":true,"i":[[0.736,0],[0,0],[0,0.736],[0,0],[-0.736,0],[0,0],[0,-0.736],[0,0]],"o":[[0,0],[-0.736,0],[0,0],[0,-0.736],[0,0],[0.736,0],[0,0],[0,0.736]],"v":[[-12.333,17],[-17.667,17],[-19,15.667],[-19,10.333],[-17.667,9],[-12.333,9],[-11,10.333],[-11,15.667]]},"ix":2}},{"ty":"fl","bm":0,"hd":false,"mn":"ADBE Vector Graphic - Fill","nm":"Fill 1","c":{"a":0,"k":[0,0.5137,0.0196],"ix":4},"r":1,"o":{"a":0,"k":100,"ix":5}},{"ty":"tr","a":{"a":0,"k":[-14.998,13.002],"ix":1},"s":{"a":1,"k":[{"o":{"x":1,"y":0},"i":{"x":0,"y":1.411},"s":[0,0],"t":230},{"s":[100,100],"t":250}],"ix":3},"sk":{"a":0,"k":0,"ix":4},"p":{"a":1,"k":[{"o":{"x":1,"y":0},"i":{"x":0.667,"y":1},"s":[-14.998,13.002],"t":322,"ti":[0,0],"to":[0,0]},{"s":[-14.998,25.001],"t":342}],"ix":2},"r":{"a":0,"k":0,"ix":6},"sa":{"a":0,"k":0,"ix":5},"o":{"a":0,"k":100,"ix":7}}]},{"ty":"gr","bm":0,"hd":false,"mn":"ADBE Vector Group","nm":"Square 10","ix":10,"cix":2,"np":2,"it":[{"ty":"sh","bm":0,"hd":false,"mn":"ADBE Vector Shape - Group","nm":"Path 1","ix":1,"d":1,"ks":{"a":0,"k":{"c":true,"i":[[0.736,0],[0,0],[0,0.736],[0,0],[-0.736,0],[0,0],[0,-0.736],[0,0]],"o":[[0,0],[-0.736,0],[0,0],[0,-0.736],[0,0],[0.736,0],[0,0],[0,0.736]],"v":[[-2.333,17],[-7.667,17],[-9,15.667],[-9,10.333],[-7.667,9],[-2.333,9],[-1,10.333],[-1,15.667]]},"ix":2}},{"ty":"fl","bm":0,"hd":false,"mn":"ADBE Vector Graphic - Fill","nm":"Fill 1","c":{"a":0,"k":[0,0.5137,0.0196],"ix":4},"r":1,"o":{"a":0,"k":100,"ix":5}},{"ty":"tr","a":{"a":0,"k":[-5.001,13.003],"ix":1},"s":{"a":1,"k":[{"o":{"x":1,"y":0},"i":{"x":0,"y":1.411},"s":[0,0],"t":232},{"s":[100,100],"t":252}],"ix":3},"sk":{"a":0,"k":0,"ix":4},"p":{"a":1,"k":[{"o":{"x":1,"y":0},"i":{"x":0.667,"y":1},"s":[-5.001,13.003],"t":320,"ti":[0,0],"to":[0,0]},{"s":[-5.001,25.001],"t":340}],"ix":2},"r":{"a":0,"k":0,"ix":6},"sa":{"a":0,"k":0,"ix":5},"o":{"a":0,"k":100,"ix":7}}]},{"ty":"gr","bm":0,"hd":false,"mn":"ADBE Vector Group","nm":"Square 11","ix":11,"cix":2,"np":2,"it":[{"ty":"sh","bm":0,"hd":false,"mn":"ADBE Vector Shape - Group","nm":"Path 1","ix":1,"d":1,"ks":{"a":0,"k":{"c":true,"i":[[0.736,0],[0,0],[0,0.736],[0,0],[-0.736,0],[0,0],[0,-0.736],[0,0]],"o":[[0,0],[-0.736,0],[0,0],[0,-0.736],[0,0],[0.736,0],[0,0],[0,0.736]],"v":[[7.667,17],[2.333,17],[1,15.667],[1,10.333],[2.333,9],[7.667,9],[9,10.333],[9,15.667]]},"ix":2}},{"ty":"fl","bm":0,"hd":false,"mn":"ADBE Vector Graphic - Fill","nm":"Fill 1","c":{"a":0,"k":[0,0.5137,0.0196],"ix":4},"r":1,"o":{"a":0,"k":100,"ix":5}},{"ty":"tr","a":{"a":0,"k":[5.002,13],"ix":1},"s":{"a":1,"k":[{"o":{"x":1,"y":0},"i":{"x":0,"y":1.411},"s":[0,0],"t":234},{"s":[100,100],"t":254}],"ix":3},"sk":{"a":0,"k":0,"ix":4},"p":{"a":1,"k":[{"o":{"x":1,"y":0},"i":{"x":0.667,"y":1},"s":[5.002,13],"t":318,"ti":[0,0],"to":[0,0]},{"s":[5.002,25.001],"t":338}],"ix":2},"r":{"a":0,"k":0,"ix":6},"sa":{"a":0,"k":0,"ix":5},"o":{"a":0,"k":100,"ix":7}}]},{"ty":"gr","bm":0,"hd":false,"mn":"ADBE Vector Group","nm":"Square 12","ix":12,"cix":2,"np":2,"it":[{"ty":"sh","bm":0,"hd":false,"mn":"ADBE Vector Shape - Group","nm":"Path 1","ix":1,"d":1,"ks":{"a":0,"k":{"c":true,"i":[[0.736,0],[0,0],[0,0.736],[0,0],[-0.736,0],[0,0],[0,-0.736],[0,0]],"o":[[0,0],[-0.736,0],[0,0],[0,-0.736],[0,0],[0.736,0],[0,0],[0,0.736]],"v":[[17.667,17],[12.333,17],[11,15.667],[11,10.333],[12.333,9],[17.667,9],[19,10.333],[19,15.667]]},"ix":2}},{"ty":"fl","bm":0,"hd":false,"mn":"ADBE Vector Graphic - Fill","nm":"Fill 1","c":{"a":0,"k":[0,0.5137,0.0196],"ix":4},"r":1,"o":{"a":0,"k":100,"ix":5}},{"ty":"tr","a":{"a":0,"k":[15,13.001],"ix":1},"s":{"a":1,"k":[{"o":{"x":1,"y":0},"i":{"x":0,"y":1.411},"s":[0,0],"t":236},{"s":[100,100],"t":256}],"ix":3},"sk":{"a":0,"k":0,"ix":4},"p":{"a":1,"k":[{"o":{"x":1,"y":0},"i":{"x":0.667,"y":1},"s":[15,13.001],"t":316,"ti":[0,0],"to":[0,0]},{"s":[15,25.001],"t":336}],"ix":2},"r":{"a":0,"k":0,"ix":6},"sa":{"a":0,"k":0,"ix":5},"o":{"a":0,"k":100,"ix":7}}]}],"ind":4},{"ty":4,"nm":"X Comp Matte 2","sr":1,"st":86,"op":232,"ip":86,"hd":false,"ddd":0,"bm":0,"hasMask":false,"td":1,"ao":0,"ks":{"a":{"a":0,"k":[0,0,0],"ix":1},"s":{"a":0,"k":[133.333,133.333,100],"ix":6},"sk":{"a":0,"k":0},"p":{"a":0,"k":[64,64,0],"ix":2},"r":{"a":0,"k":0,"ix":10},"sa":{"a":0,"k":0},"o":{"a":0,"k":100,"ix":11}},"ef":[],"shapes":[{"ty":"gr","bm":0,"hd":false,"mn":"ADBE Vector Group","nm":"Group 1","ix":1,"cix":2,"np":2,"it":[{"ty":"sh","bm":0,"hd":false,"mn":"ADBE Vector Shape - Group","nm":"Path 1","ix":1,"d":1,"ks":{"a":0,"k":{"c":true,"i":[[0.552,0],[0,0],[0,0.552],[0,0],[-0.552,0],[0,0],[0,-0.552],[0,0]],"o":[[0,0],[-0.552,0],[0,0],[0,-0.552],[0,0],[0.552,0],[0,0],[0,0.552]],"v":[[22,19],[-22,19],[-23,18],[-23,-12],[-22,-13],[22,-13],[23,-12],[23,18]]},"ix":2}},{"ty":"fl","bm":0,"hd":false,"mn":"ADBE Vector Graphic - Fill","nm":"Fill 1","c":{"a":0,"k":[1,1,1],"ix":4},"r":1,"o":{"a":0,"k":100,"ix":5}},{"ty":"tr","a":{"a":0,"k":[0,0],"ix":1},"s":{"a":0,"k":[100,100],"ix":3},"sk":{"a":0,"k":0,"ix":4},"p":{"a":0,"k":[0,0],"ix":2},"r":{"a":0,"k":0,"ix":6},"sa":{"a":0,"k":0,"ix":5},"o":{"a":0,"k":100,"ix":7}}]}],"ind":5},{"ty":0,"nm":"X's Comp","sr":1,"st":86,"op":232,"ip":86,"hd":false,"ddd":0,"bm":0,"tt":1,"hasMask":false,"ao":0,"ks":{"a":{"a":0,"k":[960,960,0],"ix":1},"s":{"a":0,"k":[6.667,6.667,100],"ix":6},"sk":{"a":0,"k":0},"p":{"a":0,"k":[64,64,0],"ix":2},"r":{"a":0,"k":0,"ix":10},"sa":{"a":0,"k":0},"o":{"a":0,"k":100,"ix":11}},"ef":[],"w":1920,"h":1920,"refId":"comp_0","ind":6},{"ty":4,"nm":"Date Squares Matte 2","sr":1,"st":86,"op":232,"ip":86,"hd":false,"ddd":0,"bm":0,"hasMask":false,"td":1,"ao":0,"ks":{"a":{"a":0,"k":[0,0,0],"ix":1},"s":{"a":0,"k":[133.333,133.333,100],"ix":6},"sk":{"a":0,"k":0},"p":{"a":0,"k":[64,64,0],"ix":2},"r":{"a":0,"k":0,"ix":10},"sa":{"a":0,"k":0},"o":{"a":0,"k":100,"ix":11}},"ef":[],"shapes":[{"ty":"gr","bm":0,"hd":false,"mn":"ADBE Vector Group","nm":"Group 1","ix":1,"cix":2,"np":2,"it":[{"ty":"sh","bm":0,"hd":false,"mn":"ADBE Vector Shape - Group","nm":"Path 1","ix":1,"d":1,"ks":{"a":0,"k":{"c":true,"i":[[0.552,0],[0,0],[0,0.552],[0,0],[-0.552,0],[0,0],[0,-0.552],[0,0]],"o":[[0,0],[-0.552,0],[0,0],[0,-0.552],[0,0],[0.552,0],[0,0],[0,0.552]],"v":[[22,19],[-22,19],[-23,18],[-23,-12],[-22,-13],[22,-13],[23,-12],[23,18]]},"ix":2}},{"ty":"fl","bm":0,"hd":false,"mn":"ADBE Vector Graphic - Fill","nm":"Fill 1","c":{"a":0,"k":[1,1,1],"ix":4},"r":1,"o":{"a":0,"k":100,"ix":5}},{"ty":"tr","a":{"a":0,"k":[0,0],"ix":1},"s":{"a":0,"k":[100,100],"ix":3},"sk":{"a":0,"k":0,"ix":4},"p":{"a":0,"k":[0,0],"ix":2},"r":{"a":0,"k":0,"ix":6},"sa":{"a":0,"k":0,"ix":5},"o":{"a":0,"k":100,"ix":7}}]}],"ind":7},{"ty":4,"nm":"Date Squares 2","sr":1,"st":86,"op":232,"ip":86,"hd":false,"ddd":0,"bm":0,"tt":1,"hasMask":false,"ao":0,"ks":{"a":{"a":0,"k":[0,3,0],"ix":1},"s":{"a":0,"k":[133.333,133.333,100],"ix":6},"sk":{"a":0,"k":0},"p":{"a":0,"k":[64,68,0],"ix":2},"r":{"a":0,"k":0,"ix":10},"sa":{"a":0,"k":0},"o":{"a":0,"k":100,"ix":11}},"ef":[],"shapes":[{"ty":"gr","bm":0,"hd":false,"mn":"ADBE Vector Group","nm":"Square 1","ix":1,"cix":2,"np":2,"it":[{"ty":"sh","bm":0,"hd":false,"mn":"ADBE Vector Shape - Group","nm":"Path 1","ix":1,"d":1,"ks":{"a":0,"k":{"c":true,"i":[[0.736,0],[0,0],[0,0.736],[0,0],[-0.736,0],[0,0],[0,-0.736],[0,0]],"o":[[0,0],[-0.736,0],[0,0],[0,-0.736],[0,0],[0.736,0],[0,0],[0,0.736]],"v":[[-12.333,-3],[-17.667,-3],[-19,-4.333],[-19,-9.667],[-17.667,-11],[-12.333,-11],[-11,-9.667],[-11,-4.333]]},"ix":2}},{"ty":"fl","bm":0,"hd":false,"mn":"ADBE Vector Graphic - Fill","nm":"Fill 1","c":{"a":0,"k":[0,0.5137,0.0196],"ix":4},"r":1,"o":{"a":0,"k":100,"ix":5}},{"ty":"tr","a":{"a":0,"k":[-14.995,-6.998],"ix":1},"s":{"a":1,"k":[{"o":{"x":1,"y":0},"i":{"x":0,"y":1.411},"s":[0,0],"t":86},{"s":[100,100],"t":106}],"ix":3},"sk":{"a":0,"k":0,"ix":4},"p":{"a":1,"k":[{"o":{"x":1,"y":0},"i":{"x":0.667,"y":1},"s":[-14.995,-6.998],"t":210,"ti":[0,0],"to":[0,0]},{"s":[-14.995,25.001],"t":230}],"ix":2},"r":{"a":0,"k":0,"ix":6},"sa":{"a":0,"k":0,"ix":5},"o":{"a":0,"k":100,"ix":7}}]},{"ty":"gr","bm":0,"hd":false,"mn":"ADBE Vector Group","nm":"Square 2","ix":2,"cix":2,"np":2,"it":[{"ty":"sh","bm":0,"hd":false,"mn":"ADBE Vector Shape - Group","nm":"Path 1","ix":1,"d":1,"ks":{"a":0,"k":{"c":true,"i":[[0.736,0],[0,0],[0,0.736],[0,0],[-0.736,0],[0,0],[0,-0.736],[0,0]],"o":[[0,0],[-0.736,0],[0,0],[0,-0.736],[0,0],[0.736,0],[0,0],[0,0.736]],"v":[[-2.333,-3],[-7.667,-3],[-9,-4.333],[-9,-9.667],[-7.667,-11],[-2.333,-11],[-1,-9.667],[-1,-4.333]]},"ix":2}},{"ty":"fl","bm":0,"hd":false,"mn":"ADBE Vector Graphic - Fill","nm":"Fill 1","c":{"a":0,"k":[0,0.5137,0.0196],"ix":4},"r":1,"o":{"a":0,"k":100,"ix":5}},{"ty":"tr","a":{"a":0,"k":[-4.999,-6.997],"ix":1},"s":{"a":1,"k":[{"o":{"x":1,"y":0},"i":{"x":0,"y":1.411},"s":[0,0],"t":88},{"s":[100,100],"t":108}],"ix":3},"sk":{"a":0,"k":0,"ix":4},"p":{"a":1,"k":[{"o":{"x":1,"y":0},"i":{"x":0.667,"y":1},"s":[-4.999,-6.997],"t":208,"ti":[0,0],"to":[0,0]},{"s":[-4.999,25.001],"t":228}],"ix":2},"r":{"a":0,"k":0,"ix":6},"sa":{"a":0,"k":0,"ix":5},"o":{"a":0,"k":100,"ix":7}}]},{"ty":"gr","bm":0,"hd":false,"mn":"ADBE Vector Group","nm":"Square 3","ix":3,"cix":2,"np":2,"it":[{"ty":"sh","bm":0,"hd":false,"mn":"ADBE Vector Shape - Group","nm":"Path 1","ix":1,"d":1,"ks":{"a":0,"k":{"c":true,"i":[[0.736,0],[0,0],[0,0.736],[0,0],[-0.736,0],[0,0],[0,-0.736],[0,0]],"o":[[0,0],[-0.736,0],[0,0],[0,-0.736],[0,0],[0.736,0],[0,0],[0,0.736]],"v":[[7.667,-3],[2.333,-3],[1,-4.333],[1,-9.667],[2.333,-11],[7.667,-11],[9,-9.667],[9,-4.333]]},"ix":2}},{"ty":"fl","bm":0,"hd":false,"mn":"ADBE Vector Graphic - Fill","nm":"Fill 1","c":{"a":0,"k":[0,0.5137,0.0196],"ix":4},"r":1,"o":{"a":0,"k":100,"ix":5}},{"ty":"tr","a":{"a":0,"k":[5.002,-6.995],"ix":1},"s":{"a":1,"k":[{"o":{"x":1,"y":0},"i":{"x":0,"y":1.411},"s":[0,0],"t":90},{"s":[100,100],"t":110}],"ix":3},"sk":{"a":0,"k":0,"ix":4},"p":{"a":1,"k":[{"o":{"x":1,"y":0},"i":{"x":0.667,"y":1},"s":[5.002,-6.995],"t":206,"ti":[0,0],"to":[0,0]},{"s":[5.002,25.001],"t":226}],"ix":2},"r":{"a":0,"k":0,"ix":6},"sa":{"a":0,"k":0,"ix":5},"o":{"a":0,"k":100,"ix":7}}]},{"ty":"gr","bm":0,"hd":false,"mn":"ADBE Vector Group","nm":"Square 4","ix":4,"cix":2,"np":2,"it":[{"ty":"sh","bm":0,"hd":false,"mn":"ADBE Vector Shape - Group","nm":"Path 1","ix":1,"d":1,"ks":{"a":0,"k":{"c":true,"i":[[0.736,0],[0,0],[0,0.736],[0,0],[-0.736,0],[0,0],[0,-0.736],[0,0]],"o":[[0,0],[-0.736,0],[0,0],[0,-0.736],[0,0],[0.736,0],[0,0],[0,0.736]],"v":[[17.667,-3],[12.333,-3],[11,-4.333],[11,-9.667],[12.333,-11],[17.667,-11],[19,-9.667],[19,-4.333]]},"ix":2}},{"ty":"fl","bm":0,"hd":false,"mn":"ADBE Vector Graphic - Fill","nm":"Fill 1","c":{"a":0,"k":[0,0.5137,0.0196],"ix":4},"r":1,"o":{"a":0,"k":100,"ix":5}},{"ty":"tr","a":{"a":0,"k":[15,-6.995],"ix":1},"s":{"a":1,"k":[{"o":{"x":1,"y":0},"i":{"x":0,"y":1.411},"s":[0,0],"t":92},{"s":[100,100],"t":112}],"ix":3},"sk":{"a":0,"k":0,"ix":4},"p":{"a":1,"k":[{"o":{"x":1,"y":0},"i":{"x":0.667,"y":1},"s":[15,-6.995],"t":204,"ti":[0,0],"to":[0,0]},{"s":[15,25.001],"t":224}],"ix":2},"r":{"a":0,"k":0,"ix":6},"sa":{"a":0,"k":0,"ix":5},"o":{"a":0,"k":100,"ix":7}}]},{"ty":"gr","bm":0,"hd":false,"mn":"ADBE Vector Group","nm":"Square 5","ix":5,"cix":2,"np":2,"it":[{"ty":"sh","bm":0,"hd":false,"mn":"ADBE Vector Shape - Group","nm":"Path 1","ix":1,"d":1,"ks":{"a":0,"k":{"c":true,"i":[[0.736,0],[0,0],[0,0.736],[0,0],[-0.736,0],[0,0],[0,-0.736],[0,0]],"o":[[0,0],[-0.736,0],[0,0],[0,-0.736],[0,0],[0.736,0],[0,0],[0,0.736]],"v":[[-12.333,7],[-17.667,7],[-19,5.667],[-19,0.333],[-17.667,-1],[-12.333,-1],[-11,0.333],[-11,5.667]]},"ix":2}},{"ty":"fl","bm":0,"hd":false,"mn":"ADBE Vector Graphic - Fill","nm":"Fill 1","c":{"a":0,"k":[0,0.5137,0.0196],"ix":4},"r":1,"o":{"a":0,"k":100,"ix":5}},{"ty":"tr","a":{"a":0,"k":[-14.999,3],"ix":1},"s":{"a":1,"k":[{"o":{"x":1,"y":0},"i":{"x":0,"y":1.411},"s":[0,0],"t":94},{"s":[100,100],"t":114}],"ix":3},"sk":{"a":0,"k":0,"ix":4},"p":{"a":1,"k":[{"o":{"x":1,"y":0},"i":{"x":0.667,"y":1},"s":[-14.999,3],"t":202,"ti":[0,0],"to":[0,0]},{"s":[-14.999,25.001],"t":222}],"ix":2},"r":{"a":0,"k":0,"ix":6},"sa":{"a":0,"k":0,"ix":5},"o":{"a":0,"k":100,"ix":7}}]},{"ty":"gr","bm":0,"hd":false,"mn":"ADBE Vector Group","nm":"Square 6","ix":6,"cix":2,"np":2,"it":[{"ty":"sh","bm":0,"hd":false,"mn":"ADBE Vector Shape - Group","nm":"Path 1","ix":1,"d":1,"ks":{"a":0,"k":{"c":true,"i":[[0.736,0],[0,0],[0,0.736],[0,0],[-0.736,0],[0,0],[0,-0.736],[0,0]],"o":[[0,0],[-0.736,0],[0,0],[0,-0.736],[0,0],[0.736,0],[0,0],[0,0.736]],"v":[[-2.333,7],[-7.667,7],[-9,5.667],[-9,0.333],[-7.667,-1],[-2.333,-1],[-1,0.333],[-1,5.667]]},"ix":2}},{"ty":"fl","bm":0,"hd":false,"mn":"ADBE Vector Graphic - Fill","nm":"Fill 1","c":{"a":0,"k":[0,0.5137,0.0196],"ix":4},"r":1,"o":{"a":0,"k":100,"ix":5}},{"ty":"tr","a":{"a":0,"k":[-4.999,3.002],"ix":1},"s":{"a":1,"k":[{"o":{"x":1,"y":0},"i":{"x":0,"y":1.411},"s":[0,0],"t":96},{"s":[100,100],"t":116}],"ix":3},"sk":{"a":0,"k":0,"ix":4},"p":{"a":1,"k":[{"o":{"x":1,"y":0},"i":{"x":0.667,"y":1},"s":[-4.999,3.002],"t":200,"ti":[0,0],"to":[0,0]},{"s":[-4.999,25.001],"t":220}],"ix":2},"r":{"a":0,"k":0,"ix":6},"sa":{"a":0,"k":0,"ix":5},"o":{"a":0,"k":100,"ix":7}}]},{"ty":"gr","bm":0,"hd":false,"mn":"ADBE Vector Group","nm":"Square 7","ix":7,"cix":2,"np":2,"it":[{"ty":"sh","bm":0,"hd":false,"mn":"ADBE Vector Shape - Group","nm":"Path 1","ix":1,"d":1,"ks":{"a":0,"k":{"c":true,"i":[[0.736,0],[0,0],[0,0.736],[0,0],[-0.736,0],[0,0],[0,-0.736],[0,0]],"o":[[0,0],[-0.736,0],[0,0],[0,-0.736],[0,0],[0.736,0],[0,0],[0,0.736]],"v":[[7.667,7],[2.333,7],[1,5.667],[1,0.333],[2.333,-1],[7.667,-1],[9,0.333],[9,5.667]]},"ix":2}},{"ty":"fl","bm":0,"hd":false,"mn":"ADBE Vector Graphic - Fill","nm":"Fill 1","c":{"a":0,"k":[0,0.5137,0.0196],"ix":4},"r":1,"o":{"a":0,"k":100,"ix":5}},{"ty":"tr","a":{"a":0,"k":[5.135,3.159],"ix":1},"s":{"a":1,"k":[{"o":{"x":1,"y":0},"i":{"x":0,"y":1.411},"s":[0,0],"t":98},{"s":[100,100],"t":118}],"ix":3},"sk":{"a":0,"k":0,"ix":4},"p":{"a":1,"k":[{"o":{"x":1,"y":0},"i":{"x":0.667,"y":1},"s":[5.001,3.004],"t":198,"ti":[0,0],"to":[0,0]},{"s":[5.001,25.001],"t":218}],"ix":2},"r":{"a":0,"k":0,"ix":6},"sa":{"a":0,"k":0,"ix":5},"o":{"a":0,"k":100,"ix":7}}]},{"ty":"gr","bm":0,"hd":false,"mn":"ADBE Vector Group","nm":"Square 8","ix":8,"cix":2,"np":2,"it":[{"ty":"sh","bm":0,"hd":false,"mn":"ADBE Vector Shape - Group","nm":"Path 1","ix":1,"d":1,"ks":{"a":0,"k":{"c":true,"i":[[0.736,0],[0,0],[0,0.736],[0,0],[-0.736,0],[0,0],[0,-0.736],[0,0]],"o":[[0,0],[-0.736,0],[0,0],[0,-0.736],[0,0],[0.736,0],[0,0],[0,0.736]],"v":[[17.667,7],[12.333,7],[11,5.667],[11,0.333],[12.333,-1],[17.667,-1],[19,0.333],[19,5.667]]},"ix":2}},{"ty":"fl","bm":0,"hd":false,"mn":"ADBE Vector Graphic - Fill","nm":"Fill 1","c":{"a":0,"k":[0,0.5137,0.0196],"ix":4},"r":1,"o":{"a":0,"k":100,"ix":5}},{"ty":"tr","a":{"a":0,"k":[15.002,2.999],"ix":1},"s":{"a":1,"k":[{"o":{"x":1,"y":0},"i":{"x":0,"y":1.411},"s":[0,0],"t":100},{"s":[100,100],"t":120}],"ix":3},"sk":{"a":0,"k":0,"ix":4},"p":{"a":1,"k":[{"o":{"x":1,"y":0},"i":{"x":0.667,"y":1},"s":[15.002,2.999],"t":196,"ti":[0,0],"to":[0,0]},{"s":[15.002,25.001],"t":216}],"ix":2},"r":{"a":0,"k":0,"ix":6},"sa":{"a":0,"k":0,"ix":5},"o":{"a":0,"k":100,"ix":7}}]},{"ty":"gr","bm":0,"hd":false,"mn":"ADBE Vector Group","nm":"Square 9","ix":9,"cix":2,"np":2,"it":[{"ty":"sh","bm":0,"hd":false,"mn":"ADBE Vector Shape - Group","nm":"Path 1","ix":1,"d":1,"ks":{"a":0,"k":{"c":true,"i":[[0.736,0],[0,0],[0,0.736],[0,0],[-0.736,0],[0,0],[0,-0.736],[0,0]],"o":[[0,0],[-0.736,0],[0,0],[0,-0.736],[0,0],[0.736,0],[0,0],[0,0.736]],"v":[[-12.333,17],[-17.667,17],[-19,15.667],[-19,10.333],[-17.667,9],[-12.333,9],[-11,10.333],[-11,15.667]]},"ix":2}},{"ty":"fl","bm":0,"hd":false,"mn":"ADBE Vector Graphic - Fill","nm":"Fill 1","c":{"a":0,"k":[0,0.5137,0.0196],"ix":4},"r":1,"o":{"a":0,"k":100,"ix":5}},{"ty":"tr","a":{"a":0,"k":[-14.998,13.002],"ix":1},"s":{"a":1,"k":[{"o":{"x":1,"y":0},"i":{"x":0,"y":1.411},"s":[0,0],"t":102},{"s":[100,100],"t":122}],"ix":3},"sk":{"a":0,"k":0,"ix":4},"p":{"a":1,"k":[{"o":{"x":1,"y":0},"i":{"x":0.667,"y":1},"s":[-14.998,13.002],"t":194,"ti":[0,0],"to":[0,0]},{"s":[-14.998,25.001],"t":214}],"ix":2},"r":{"a":0,"k":0,"ix":6},"sa":{"a":0,"k":0,"ix":5},"o":{"a":0,"k":100,"ix":7}}]},{"ty":"gr","bm":0,"hd":false,"mn":"ADBE Vector Group","nm":"Square 10","ix":10,"cix":2,"np":2,"it":[{"ty":"sh","bm":0,"hd":false,"mn":"ADBE Vector Shape - Group","nm":"Path 1","ix":1,"d":1,"ks":{"a":0,"k":{"c":true,"i":[[0.736,0],[0,0],[0,0.736],[0,0],[-0.736,0],[0,0],[0,-0.736],[0,0]],"o":[[0,0],[-0.736,0],[0,0],[0,-0.736],[0,0],[0.736,0],[0,0],[0,0.736]],"v":[[-2.333,17],[-7.667,17],[-9,15.667],[-9,10.333],[-7.667,9],[-2.333,9],[-1,10.333],[-1,15.667]]},"ix":2}},{"ty":"fl","bm":0,"hd":false,"mn":"ADBE Vector Graphic - Fill","nm":"Fill 1","c":{"a":0,"k":[0,0.5137,0.0196],"ix":4},"r":1,"o":{"a":0,"k":100,"ix":5}},{"ty":"tr","a":{"a":0,"k":[-5.001,13.003],"ix":1},"s":{"a":1,"k":[{"o":{"x":1,"y":0},"i":{"x":0,"y":1.411},"s":[0,0],"t":104},{"s":[100,100],"t":124}],"ix":3},"sk":{"a":0,"k":0,"ix":4},"p":{"a":1,"k":[{"o":{"x":1,"y":0},"i":{"x":0.667,"y":1},"s":[-5.001,13.003],"t":192,"ti":[0,0],"to":[0,0]},{"s":[-5.001,25.001],"t":212}],"ix":2},"r":{"a":0,"k":0,"ix":6},"sa":{"a":0,"k":0,"ix":5},"o":{"a":0,"k":100,"ix":7}}]},{"ty":"gr","bm":0,"hd":false,"mn":"ADBE Vector Group","nm":"Square 11","ix":11,"cix":2,"np":2,"it":[{"ty":"sh","bm":0,"hd":false,"mn":"ADBE Vector Shape - Group","nm":"Path 1","ix":1,"d":1,"ks":{"a":0,"k":{"c":true,"i":[[0.736,0],[0,0],[0,0.736],[0,0],[-0.736,0],[0,0],[0,-0.736],[0,0]],"o":[[0,0],[-0.736,0],[0,0],[0,-0.736],[0,0],[0.736,0],[0,0],[0,0.736]],"v":[[7.667,17],[2.333,17],[1,15.667],[1,10.333],[2.333,9],[7.667,9],[9,10.333],[9,15.667]]},"ix":2}},{"ty":"fl","bm":0,"hd":false,"mn":"ADBE Vector Graphic - Fill","nm":"Fill 1","c":{"a":0,"k":[0,0.5137,0.0196],"ix":4},"r":1,"o":{"a":0,"k":100,"ix":5}},{"ty":"tr","a":{"a":0,"k":[5.002,13],"ix":1},"s":{"a":1,"k":[{"o":{"x":1,"y":0},"i":{"x":0,"y":1.411},"s":[0,0],"t":106},{"s":[100,100],"t":126}],"ix":3},"sk":{"a":0,"k":0,"ix":4},"p":{"a":1,"k":[{"o":{"x":1,"y":0},"i":{"x":0.667,"y":1},"s":[5.002,13],"t":190,"ti":[0,0],"to":[0,0]},{"s":[5.002,25.001],"t":210}],"ix":2},"r":{"a":0,"k":0,"ix":6},"sa":{"a":0,"k":0,"ix":5},"o":{"a":0,"k":100,"ix":7}}]},{"ty":"gr","bm":0,"hd":false,"mn":"ADBE Vector Group","nm":"Square 12","ix":12,"cix":2,"np":2,"it":[{"ty":"sh","bm":0,"hd":false,"mn":"ADBE Vector Shape - Group","nm":"Path 1","ix":1,"d":1,"ks":{"a":0,"k":{"c":true,"i":[[0.736,0],[0,0],[0,0.736],[0,0],[-0.736,0],[0,0],[0,-0.736],[0,0]],"o":[[0,0],[-0.736,0],[0,0],[0,-0.736],[0,0],[0.736,0],[0,0],[0,0.736]],"v":[[17.667,17],[12.333,17],[11,15.667],[11,10.333],[12.333,9],[17.667,9],[19,10.333],[19,15.667]]},"ix":2}},{"ty":"fl","bm":0,"hd":false,"mn":"ADBE Vector Graphic - Fill","nm":"Fill 1","c":{"a":0,"k":[0,0.5137,0.0196],"ix":4},"r":1,"o":{"a":0,"k":100,"ix":5}},{"ty":"tr","a":{"a":0,"k":[15,13.001],"ix":1},"s":{"a":1,"k":[{"o":{"x":1,"y":0},"i":{"x":0,"y":1.411},"s":[0,0],"t":108},{"s":[100,100],"t":128}],"ix":3},"sk":{"a":0,"k":0,"ix":4},"p":{"a":1,"k":[{"o":{"x":1,"y":0},"i":{"x":0.667,"y":1},"s":[15,13.001],"t":188,"ti":[0,0],"to":[0,0]},{"s":[15,25.001],"t":208}],"ix":2},"r":{"a":0,"k":0,"ix":6},"sa":{"a":0,"k":0,"ix":5},"o":{"a":0,"k":100,"ix":7}}]}],"ind":8},{"ty":4,"nm":"X Comp Matte 1","sr":1,"st":-42,"op":104,"ip":0,"hd":false,"ddd":0,"bm":0,"hasMask":false,"td":1,"ao":0,"ks":{"a":{"a":0,"k":[0,0,0],"ix":1},"s":{"a":0,"k":[133.333,133.333,100],"ix":6},"sk":{"a":0,"k":0},"p":{"a":0,"k":[64,64,0],"ix":2},"r":{"a":0,"k":0,"ix":10},"sa":{"a":0,"k":0},"o":{"a":0,"k":100,"ix":11}},"ef":[],"shapes":[{"ty":"gr","bm":0,"hd":false,"mn":"ADBE Vector Group","nm":"Group 1","ix":1,"cix":2,"np":2,"it":[{"ty":"sh","bm":0,"hd":false,"mn":"ADBE Vector Shape - Group","nm":"Path 1","ix":1,"d":1,"ks":{"a":0,"k":{"c":true,"i":[[0.552,0],[0,0],[0,0.552],[0,0],[-0.552,0],[0,0],[0,-0.552],[0,0]],"o":[[0,0],[-0.552,0],[0,0],[0,-0.552],[0,0],[0.552,0],[0,0],[0,0.552]],"v":[[22,19],[-22,19],[-23,18],[-23,-12],[-22,-13],[22,-13],[23,-12],[23,18]]},"ix":2}},{"ty":"fl","bm":0,"hd":false,"mn":"ADBE Vector Graphic - Fill","nm":"Fill 1","c":{"a":0,"k":[1,1,1],"ix":4},"r":1,"o":{"a":0,"k":100,"ix":5}},{"ty":"tr","a":{"a":0,"k":[0,0],"ix":1},"s":{"a":0,"k":[100,100],"ix":3},"sk":{"a":0,"k":0,"ix":4},"p":{"a":0,"k":[0,0],"ix":2},"r":{"a":0,"k":0,"ix":6},"sa":{"a":0,"k":0,"ix":5},"o":{"a":0,"k":100,"ix":7}}]}],"ind":9},{"ty":0,"nm":"X's Comp","sr":1,"st":-42,"op":104,"ip":0,"hd":false,"ddd":0,"bm":0,"tt":1,"hasMask":false,"ao":0,"ks":{"a":{"a":0,"k":[960,960,0],"ix":1},"s":{"a":0,"k":[6.667,6.667,100],"ix":6},"sk":{"a":0,"k":0},"p":{"a":0,"k":[64,64,0],"ix":2},"r":{"a":0,"k":0,"ix":10},"sa":{"a":0,"k":0},"o":{"a":0,"k":100,"ix":11}},"ef":[],"w":1920,"h":1920,"refId":"comp_0","ind":10},{"ty":4,"nm":"Date Squares Matte","sr":1,"st":-42,"op":104,"ip":0,"hd":false,"ddd":0,"bm":0,"hasMask":false,"td":1,"ao":0,"ks":{"a":{"a":0,"k":[0,0,0],"ix":1},"s":{"a":0,"k":[133.333,133.333,100],"ix":6},"sk":{"a":0,"k":0},"p":{"a":0,"k":[64,64,0],"ix":2},"r":{"a":0,"k":0,"ix":10},"sa":{"a":0,"k":0},"o":{"a":0,"k":100,"ix":11}},"ef":[],"shapes":[{"ty":"gr","bm":0,"hd":false,"mn":"ADBE Vector Group","nm":"Group 1","ix":1,"cix":2,"np":2,"it":[{"ty":"sh","bm":0,"hd":false,"mn":"ADBE Vector Shape - Group","nm":"Path 1","ix":1,"d":1,"ks":{"a":0,"k":{"c":true,"i":[[0.552,0],[0,0],[0,0.552],[0,0],[-0.552,0],[0,0],[0,-0.552],[0,0]],"o":[[0,0],[-0.552,0],[0,0],[0,-0.552],[0,0],[0.552,0],[0,0],[0,0.552]],"v":[[22,19],[-22,19],[-23,18],[-23,-12],[-22,-13],[22,-13],[23,-12],[23,18]]},"ix":2}},{"ty":"fl","bm":0,"hd":false,"mn":"ADBE Vector Graphic - Fill","nm":"Fill 1","c":{"a":0,"k":[1,1,1],"ix":4},"r":1,"o":{"a":0,"k":100,"ix":5}},{"ty":"tr","a":{"a":0,"k":[0,0],"ix":1},"s":{"a":0,"k":[100,100],"ix":3},"sk":{"a":0,"k":0,"ix":4},"p":{"a":0,"k":[0,0],"ix":2},"r":{"a":0,"k":0,"ix":6},"sa":{"a":0,"k":0,"ix":5},"o":{"a":0,"k":100,"ix":7}}]}],"ind":11},{"ty":4,"nm":"Date Squares","sr":1,"st":-42,"op":104,"ip":0,"hd":false,"ddd":0,"bm":0,"tt":1,"hasMask":false,"ao":0,"ks":{"a":{"a":0,"k":[0,3,0],"ix":1},"s":{"a":0,"k":[133.333,133.333,100],"ix":6},"sk":{"a":0,"k":0},"p":{"a":0,"k":[64,68,0],"ix":2},"r":{"a":0,"k":0,"ix":10},"sa":{"a":0,"k":0},"o":{"a":0,"k":100,"ix":11}},"ef":[],"shapes":[{"ty":"gr","bm":0,"hd":false,"mn":"ADBE Vector Group","nm":"Square 1","ix":1,"cix":2,"np":2,"it":[{"ty":"sh","bm":0,"hd":false,"mn":"ADBE Vector Shape - Group","nm":"Path 1","ix":1,"d":1,"ks":{"a":0,"k":{"c":true,"i":[[0.736,0],[0,0],[0,0.736],[0,0],[-0.736,0],[0,0],[0,-0.736],[0,0]],"o":[[0,0],[-0.736,0],[0,0],[0,-0.736],[0,0],[0.736,0],[0,0],[0,0.736]],"v":[[-12.333,-3],[-17.667,-3],[-19,-4.333],[-19,-9.667],[-17.667,-11],[-12.333,-11],[-11,-9.667],[-11,-4.333]]},"ix":2}},{"ty":"fl","bm":0,"hd":false,"mn":"ADBE Vector Graphic - Fill","nm":"Fill 1","c":{"a":0,"k":[0,0.5137,0.0196],"ix":4},"r":1,"o":{"a":0,"k":100,"ix":5}},{"ty":"tr","a":{"a":0,"k":[-14.995,-6.998],"ix":1},"s":{"a":0,"k":[100,100],"ix":3},"sk":{"a":0,"k":0,"ix":4},"p":{"a":1,"k":[{"o":{"x":1,"y":0},"i":{"x":0.667,"y":1},"s":[-14.995,-6.998],"t":82,"ti":[0,0],"to":[0,0]},{"s":[-14.995,25.001],"t":102}],"ix":2},"r":{"a":0,"k":0,"ix":6},"sa":{"a":0,"k":0,"ix":5},"o":{"a":0,"k":100,"ix":7}}]},{"ty":"gr","bm":0,"hd":false,"mn":"ADBE Vector Group","nm":"Square 2","ix":2,"cix":2,"np":2,"it":[{"ty":"sh","bm":0,"hd":false,"mn":"ADBE Vector Shape - Group","nm":"Path 1","ix":1,"d":1,"ks":{"a":0,"k":{"c":true,"i":[[0.736,0],[0,0],[0,0.736],[0,0],[-0.736,0],[0,0],[0,-0.736],[0,0]],"o":[[0,0],[-0.736,0],[0,0],[0,-0.736],[0,0],[0.736,0],[0,0],[0,0.736]],"v":[[-2.333,-3],[-7.667,-3],[-9,-4.333],[-9,-9.667],[-7.667,-11],[-2.333,-11],[-1,-9.667],[-1,-4.333]]},"ix":2}},{"ty":"fl","bm":0,"hd":false,"mn":"ADBE Vector Graphic - Fill","nm":"Fill 1","c":{"a":0,"k":[0,0.5137,0.0196],"ix":4},"r":1,"o":{"a":0,"k":100,"ix":5}},{"ty":"tr","a":{"a":0,"k":[-4.999,-6.997],"ix":1},"s":{"a":0,"k":[100,100],"ix":3},"sk":{"a":0,"k":0,"ix":4},"p":{"a":1,"k":[{"o":{"x":1,"y":0},"i":{"x":0.667,"y":1},"s":[-4.999,-6.997],"t":80,"ti":[0,0],"to":[0,0]},{"s":[-4.999,25.001],"t":100}],"ix":2},"r":{"a":0,"k":0,"ix":6},"sa":{"a":0,"k":0,"ix":5},"o":{"a":0,"k":100,"ix":7}}]},{"ty":"gr","bm":0,"hd":false,"mn":"ADBE Vector Group","nm":"Square 3","ix":3,"cix":2,"np":2,"it":[{"ty":"sh","bm":0,"hd":false,"mn":"ADBE Vector Shape - Group","nm":"Path 1","ix":1,"d":1,"ks":{"a":0,"k":{"c":true,"i":[[0.736,0],[0,0],[0,0.736],[0,0],[-0.736,0],[0,0],[0,-0.736],[0,0]],"o":[[0,0],[-0.736,0],[0,0],[0,-0.736],[0,0],[0.736,0],[0,0],[0,0.736]],"v":[[7.667,-3],[2.333,-3],[1,-4.333],[1,-9.667],[2.333,-11],[7.667,-11],[9,-9.667],[9,-4.333]]},"ix":2}},{"ty":"fl","bm":0,"hd":false,"mn":"ADBE Vector Graphic - Fill","nm":"Fill 1","c":{"a":0,"k":[0,0.5137,0.0196],"ix":4},"r":1,"o":{"a":0,"k":100,"ix":5}},{"ty":"tr","a":{"a":0,"k":[5.002,-6.995],"ix":1},"s":{"a":0,"k":[100,100],"ix":3},"sk":{"a":0,"k":0,"ix":4},"p":{"a":1,"k":[{"o":{"x":1,"y":0},"i":{"x":0.667,"y":1},"s":[5.002,-6.995],"t":78,"ti":[0,0],"to":[0,0]},{"s":[5.002,25.001],"t":98}],"ix":2},"r":{"a":0,"k":0,"ix":6},"sa":{"a":0,"k":0,"ix":5},"o":{"a":0,"k":100,"ix":7}}]},{"ty":"gr","bm":0,"hd":false,"mn":"ADBE Vector Group","nm":"Square 4","ix":4,"cix":2,"np":2,"it":[{"ty":"sh","bm":0,"hd":false,"mn":"ADBE Vector Shape - Group","nm":"Path 1","ix":1,"d":1,"ks":{"a":0,"k":{"c":true,"i":[[0.736,0],[0,0],[0,0.736],[0,0],[-0.736,0],[0,0],[0,-0.736],[0,0]],"o":[[0,0],[-0.736,0],[0,0],[0,-0.736],[0,0],[0.736,0],[0,0],[0,0.736]],"v":[[17.667,-3],[12.333,-3],[11,-4.333],[11,-9.667],[12.333,-11],[17.667,-11],[19,-9.667],[19,-4.333]]},"ix":2}},{"ty":"fl","bm":0,"hd":false,"mn":"ADBE Vector Graphic - Fill","nm":"Fill 1","c":{"a":0,"k":[0,0.5137,0.0196],"ix":4},"r":1,"o":{"a":0,"k":100,"ix":5}},{"ty":"tr","a":{"a":0,"k":[15,-6.995],"ix":1},"s":{"a":0,"k":[100,100],"ix":3},"sk":{"a":0,"k":0,"ix":4},"p":{"a":1,"k":[{"o":{"x":1,"y":0},"i":{"x":0.667,"y":1},"s":[15,-6.995],"t":76,"ti":[0,0],"to":[0,0]},{"s":[15,25.001],"t":96}],"ix":2},"r":{"a":0,"k":0,"ix":6},"sa":{"a":0,"k":0,"ix":5},"o":{"a":0,"k":100,"ix":7}}]},{"ty":"gr","bm":0,"hd":false,"mn":"ADBE Vector Group","nm":"Square 5","ix":5,"cix":2,"np":2,"it":[{"ty":"sh","bm":0,"hd":false,"mn":"ADBE Vector Shape - Group","nm":"Path 1","ix":1,"d":1,"ks":{"a":0,"k":{"c":true,"i":[[0.736,0],[0,0],[0,0.736],[0,0],[-0.736,0],[0,0],[0,-0.736],[0,0]],"o":[[0,0],[-0.736,0],[0,0],[0,-0.736],[0,0],[0.736,0],[0,0],[0,0.736]],"v":[[-12.333,7],[-17.667,7],[-19,5.667],[-19,0.333],[-17.667,-1],[-12.333,-1],[-11,0.333],[-11,5.667]]},"ix":2}},{"ty":"fl","bm":0,"hd":false,"mn":"ADBE Vector Graphic - Fill","nm":"Fill 1","c":{"a":0,"k":[0,0.5137,0.0196],"ix":4},"r":1,"o":{"a":0,"k":100,"ix":5}},{"ty":"tr","a":{"a":0,"k":[-14.999,3],"ix":1},"s":{"a":0,"k":[100,100],"ix":3},"sk":{"a":0,"k":0,"ix":4},"p":{"a":1,"k":[{"o":{"x":1,"y":0},"i":{"x":0.667,"y":1},"s":[-14.999,3],"t":74,"ti":[0,0],"to":[0,0]},{"s":[-14.999,25.001],"t":94}],"ix":2},"r":{"a":0,"k":0,"ix":6},"sa":{"a":0,"k":0,"ix":5},"o":{"a":0,"k":100,"ix":7}}]},{"ty":"gr","bm":0,"hd":false,"mn":"ADBE Vector Group","nm":"Square 6","ix":6,"cix":2,"np":2,"it":[{"ty":"sh","bm":0,"hd":false,"mn":"ADBE Vector Shape - Group","nm":"Path 1","ix":1,"d":1,"ks":{"a":0,"k":{"c":true,"i":[[0.736,0],[0,0],[0,0.736],[0,0],[-0.736,0],[0,0],[0,-0.736],[0,0]],"o":[[0,0],[-0.736,0],[0,0],[0,-0.736],[0,0],[0.736,0],[0,0],[0,0.736]],"v":[[-2.333,7],[-7.667,7],[-9,5.667],[-9,0.333],[-7.667,-1],[-2.333,-1],[-1,0.333],[-1,5.667]]},"ix":2}},{"ty":"fl","bm":0,"hd":false,"mn":"ADBE Vector Graphic - Fill","nm":"Fill 1","c":{"a":0,"k":[0,0.5137,0.0196],"ix":4},"r":1,"o":{"a":0,"k":100,"ix":5}},{"ty":"tr","a":{"a":0,"k":[-4.999,3.002],"ix":1},"s":{"a":0,"k":[100,100],"ix":3},"sk":{"a":0,"k":0,"ix":4},"p":{"a":1,"k":[{"o":{"x":1,"y":0},"i":{"x":0.667,"y":1},"s":[-4.999,3.002],"t":72,"ti":[0,0],"to":[0,0]},{"s":[-4.999,25.001],"t":92}],"ix":2},"r":{"a":0,"k":0,"ix":6},"sa":{"a":0,"k":0,"ix":5},"o":{"a":0,"k":100,"ix":7}}]},{"ty":"gr","bm":0,"hd":false,"mn":"ADBE Vector Group","nm":"Square 7","ix":7,"cix":2,"np":2,"it":[{"ty":"sh","bm":0,"hd":false,"mn":"ADBE Vector Shape - Group","nm":"Path 1","ix":1,"d":1,"ks":{"a":0,"k":{"c":true,"i":[[0.736,0],[0,0],[0,0.736],[0,0],[-0.736,0],[0,0],[0,-0.736],[0,0]],"o":[[0,0],[-0.736,0],[0,0],[0,-0.736],[0,0],[0.736,0],[0,0],[0,0.736]],"v":[[7.667,7],[2.333,7],[1,5.667],[1,0.333],[2.333,-1],[7.667,-1],[9,0.333],[9,5.667]]},"ix":2}},{"ty":"fl","bm":0,"hd":false,"mn":"ADBE Vector Graphic - Fill","nm":"Fill 1","c":{"a":0,"k":[0,0.5137,0.0196],"ix":4},"r":1,"o":{"a":0,"k":100,"ix":5}},{"ty":"tr","a":{"a":0,"k":[5.135,3.159],"ix":1},"s":{"a":0,"k":[100,100],"ix":3},"sk":{"a":0,"k":0,"ix":4},"p":{"a":1,"k":[{"o":{"x":1,"y":0},"i":{"x":0.667,"y":1},"s":[5.001,3.004],"t":70,"ti":[0,0],"to":[0,0]},{"s":[5.001,25.001],"t":90}],"ix":2},"r":{"a":0,"k":0,"ix":6},"sa":{"a":0,"k":0,"ix":5},"o":{"a":0,"k":100,"ix":7}}]},{"ty":"gr","bm":0,"hd":false,"mn":"ADBE Vector Group","nm":"Square 8","ix":8,"cix":2,"np":2,"it":[{"ty":"sh","bm":0,"hd":false,"mn":"ADBE Vector Shape - Group","nm":"Path 1","ix":1,"d":1,"ks":{"a":0,"k":{"c":true,"i":[[0.736,0],[0,0],[0,0.736],[0,0],[-0.736,0],[0,0],[0,-0.736],[0,0]],"o":[[0,0],[-0.736,0],[0,0],[0,-0.736],[0,0],[0.736,0],[0,0],[0,0.736]],"v":[[17.667,7],[12.333,7],[11,5.667],[11,0.333],[12.333,-1],[17.667,-1],[19,0.333],[19,5.667]]},"ix":2}},{"ty":"fl","bm":0,"hd":false,"mn":"ADBE Vector Graphic - Fill","nm":"Fill 1","c":{"a":0,"k":[0,0.5137,0.0196],"ix":4},"r":1,"o":{"a":0,"k":100,"ix":5}},{"ty":"tr","a":{"a":0,"k":[15.002,2.999],"ix":1},"s":{"a":0,"k":[100,100],"ix":3},"sk":{"a":0,"k":0,"ix":4},"p":{"a":1,"k":[{"o":{"x":1,"y":0},"i":{"x":0.667,"y":1},"s":[15.002,2.999],"t":68,"ti":[0,0],"to":[0,0]},{"s":[15.002,25.001],"t":88}],"ix":2},"r":{"a":0,"k":0,"ix":6},"sa":{"a":0,"k":0,"ix":5},"o":{"a":0,"k":100,"ix":7}}]},{"ty":"gr","bm":0,"hd":false,"mn":"ADBE Vector Group","nm":"Square 9","ix":9,"cix":2,"np":2,"it":[{"ty":"sh","bm":0,"hd":false,"mn":"ADBE Vector Shape - Group","nm":"Path 1","ix":1,"d":1,"ks":{"a":0,"k":{"c":true,"i":[[0.736,0],[0,0],[0,0.736],[0,0],[-0.736,0],[0,0],[0,-0.736],[0,0]],"o":[[0,0],[-0.736,0],[0,0],[0,-0.736],[0,0],[0.736,0],[0,0],[0,0.736]],"v":[[-12.333,17],[-17.667,17],[-19,15.667],[-19,10.333],[-17.667,9],[-12.333,9],[-11,10.333],[-11,15.667]]},"ix":2}},{"ty":"fl","bm":0,"hd":false,"mn":"ADBE Vector Graphic - Fill","nm":"Fill 1","c":{"a":0,"k":[0,0.5137,0.0196],"ix":4},"r":1,"o":{"a":0,"k":100,"ix":5}},{"ty":"tr","a":{"a":0,"k":[-14.998,13.002],"ix":1},"s":{"a":0,"k":[100,100],"ix":3},"sk":{"a":0,"k":0,"ix":4},"p":{"a":1,"k":[{"o":{"x":1,"y":0},"i":{"x":0.667,"y":1},"s":[-14.998,13.002],"t":66,"ti":[0,0],"to":[0,0]},{"s":[-14.998,25.001],"t":86}],"ix":2},"r":{"a":0,"k":0,"ix":6},"sa":{"a":0,"k":0,"ix":5},"o":{"a":0,"k":100,"ix":7}}]},{"ty":"gr","bm":0,"hd":false,"mn":"ADBE Vector Group","nm":"Square 10","ix":10,"cix":2,"np":2,"it":[{"ty":"sh","bm":0,"hd":false,"mn":"ADBE Vector Shape - Group","nm":"Path 1","ix":1,"d":1,"ks":{"a":0,"k":{"c":true,"i":[[0.736,0],[0,0],[0,0.736],[0,0],[-0.736,0],[0,0],[0,-0.736],[0,0]],"o":[[0,0],[-0.736,0],[0,0],[0,-0.736],[0,0],[0.736,0],[0,0],[0,0.736]],"v":[[-2.333,17],[-7.667,17],[-9,15.667],[-9,10.333],[-7.667,9],[-2.333,9],[-1,10.333],[-1,15.667]]},"ix":2}},{"ty":"fl","bm":0,"hd":false,"mn":"ADBE Vector Graphic - Fill","nm":"Fill 1","c":{"a":0,"k":[0,0.5137,0.0196],"ix":4},"r":1,"o":{"a":0,"k":100,"ix":5}},{"ty":"tr","a":{"a":0,"k":[-5.001,13.003],"ix":1},"s":{"a":0,"k":[100,100],"ix":3},"sk":{"a":0,"k":0,"ix":4},"p":{"a":1,"k":[{"o":{"x":1,"y":0},"i":{"x":0.667,"y":1},"s":[-5.001,13.003],"t":64,"ti":[0,0],"to":[0,0]},{"s":[-5.001,25.001],"t":84}],"ix":2},"r":{"a":0,"k":0,"ix":6},"sa":{"a":0,"k":0,"ix":5},"o":{"a":0,"k":100,"ix":7}}]},{"ty":"gr","bm":0,"hd":false,"mn":"ADBE Vector Group","nm":"Square 11","ix":11,"cix":2,"np":2,"it":[{"ty":"sh","bm":0,"hd":false,"mn":"ADBE Vector Shape - Group","nm":"Path 1","ix":1,"d":1,"ks":{"a":0,"k":{"c":true,"i":[[0.736,0],[0,0],[0,0.736],[0,0],[-0.736,0],[0,0],[0,-0.736],[0,0]],"o":[[0,0],[-0.736,0],[0,0],[0,-0.736],[0,0],[0.736,0],[0,0],[0,0.736]],"v":[[7.667,17],[2.333,17],[1,15.667],[1,10.333],[2.333,9],[7.667,9],[9,10.333],[9,15.667]]},"ix":2}},{"ty":"fl","bm":0,"hd":false,"mn":"ADBE Vector Graphic - Fill","nm":"Fill 1","c":{"a":0,"k":[0,0.5137,0.0196],"ix":4},"r":1,"o":{"a":0,"k":100,"ix":5}},{"ty":"tr","a":{"a":0,"k":[5.002,13],"ix":1},"s":{"a":0,"k":[100,100],"ix":3},"sk":{"a":0,"k":0,"ix":4},"p":{"a":1,"k":[{"o":{"x":1,"y":0},"i":{"x":0.667,"y":1},"s":[5.002,13],"t":62,"ti":[0,0],"to":[0,0]},{"s":[5.002,25.001],"t":82}],"ix":2},"r":{"a":0,"k":0,"ix":6},"sa":{"a":0,"k":0,"ix":5},"o":{"a":0,"k":100,"ix":7}}]},{"ty":"gr","bm":0,"hd":false,"mn":"ADBE Vector Group","nm":"Square 12","ix":12,"cix":2,"np":2,"it":[{"ty":"sh","bm":0,"hd":false,"mn":"ADBE Vector Shape - Group","nm":"Path 1","ix":1,"d":1,"ks":{"a":0,"k":{"c":true,"i":[[0.736,0],[0,0],[0,0.736],[0,0],[-0.736,0],[0,0],[0,-0.736],[0,0]],"o":[[0,0],[-0.736,0],[0,0],[0,-0.736],[0,0],[0.736,0],[0,0],[0,0.736]],"v":[[17.667,17],[12.333,17],[11,15.667],[11,10.333],[12.333,9],[17.667,9],[19,10.333],[19,15.667]]},"ix":2}},{"ty":"fl","bm":0,"hd":false,"mn":"ADBE Vector Graphic - Fill","nm":"Fill 1","c":{"a":0,"k":[0,0.5137,0.0196],"ix":4},"r":1,"o":{"a":0,"k":100,"ix":5}},{"ty":"tr","a":{"a":0,"k":[15,13.001],"ix":1},"s":{"a":0,"k":[100,100],"ix":3},"sk":{"a":0,"k":0,"ix":4},"p":{"a":1,"k":[{"o":{"x":1,"y":0},"i":{"x":0.667,"y":1},"s":[15,13.001],"t":60,"ti":[0,0],"to":[0,0]},{"s":[15,25.001],"t":80}],"ix":2},"r":{"a":0,"k":0,"ix":6},"sa":{"a":0,"k":0,"ix":5},"o":{"a":0,"k":100,"ix":7}}]}],"ind":12},{"ty":4,"nm":"Left Hook","sr":1,"st":-42,"op":250,"ip":0,"hd":false,"ddd":0,"bm":0,"hasMask":false,"ao":0,"ks":{"a":{"a":0,"k":[0,0,0],"ix":1},"s":{"a":0,"k":[133.333,133.333,100],"ix":6},"sk":{"a":0,"k":0},"p":{"a":0,"k":[64,64,0],"ix":2},"r":{"a":0,"k":0,"ix":10},"sa":{"a":0,"k":0},"o":{"a":0,"k":100,"ix":11}},"ef":[],"shapes":[{"ty":"gr","bm":0,"hd":false,"mn":"ADBE Vector Group","nm":"Group 1","ix":1,"cix":2,"np":2,"it":[{"ty":"sh","bm":0,"hd":false,"mn":"ADBE Vector Shape - Group","nm":"Path 1","ix":1,"d":1,"ks":{"a":0,"k":{"c":true,"i":[[1.105,0],[0,0],[0,-1.105],[0,0],[-1.105,0],[0,0],[0,1.105],[0,0]],"o":[[0,0],[-1.105,0],[0,0],[0,1.105],[0,0],[1.105,0],[0,0],[0,-1.105]],"v":[[-14,-25],[-14,-25],[-16,-23],[-16,-18],[-14,-16],[-14,-16],[-12,-18],[-12,-23]]},"ix":2}},{"ty":"fl","bm":0,"hd":false,"mn":"ADBE Vector Graphic - Fill","nm":"Fill 1","c":{"a":0,"k":[0,0.5137,0.0196],"ix":4},"r":1,"o":{"a":0,"k":100,"ix":5}},{"ty":"tr","a":{"a":0,"k":[0,0],"ix":1},"s":{"a":0,"k":[100,100],"ix":3},"sk":{"a":0,"k":0,"ix":4},"p":{"a":0,"k":[0,0],"ix":2},"r":{"a":0,"k":0,"ix":6},"sa":{"a":0,"k":0,"ix":5},"o":{"a":0,"k":100,"ix":7}}]}],"ind":13},{"ty":4,"nm":"Right Hook","sr":1,"st":-42,"op":250,"ip":0,"hd":false,"ddd":0,"bm":0,"hasMask":false,"ao":0,"ks":{"a":{"a":0,"k":[0,0,0],"ix":1},"s":{"a":0,"k":[133.333,133.333,100],"ix":6},"sk":{"a":0,"k":0},"p":{"a":0,"k":[64,64,0],"ix":2},"r":{"a":0,"k":0,"ix":10},"sa":{"a":0,"k":0},"o":{"a":0,"k":100,"ix":11}},"ef":[],"shapes":[{"ty":"gr","bm":0,"hd":false,"mn":"ADBE Vector Group","nm":"Group 1","ix":1,"cix":2,"np":2,"it":[{"ty":"sh","bm":0,"hd":false,"mn":"ADBE Vector Shape - Group","nm":"Path 1","ix":1,"d":1,"ks":{"a":0,"k":{"c":true,"i":[[1.105,0],[0,0],[0,-1.105],[0,0],[-1.105,0],[0,0],[0,1.105],[0,0]],"o":[[0,0],[-1.105,0],[0,0],[0,1.105],[0,0],[1.105,0],[0,0],[0,-1.105]],"v":[[14,-25],[14,-25],[12,-23],[12,-18],[14,-16],[14,-16],[16,-18],[16,-23]]},"ix":2}},{"ty":"fl","bm":0,"hd":false,"mn":"ADBE Vector Graphic - Fill","nm":"Fill 1","c":{"a":0,"k":[0,0.5137,0.0196],"ix":4},"r":1,"o":{"a":0,"k":100,"ix":5}},{"ty":"tr","a":{"a":0,"k":[0,0],"ix":1},"s":{"a":0,"k":[100,100],"ix":3},"sk":{"a":0,"k":0,"ix":4},"p":{"a":0,"k":[0,0],"ix":2},"r":{"a":0,"k":0,"ix":6},"sa":{"a":0,"k":0,"ix":5},"o":{"a":0,"k":100,"ix":7}}]}],"ind":14},{"ty":4,"nm":"White Square","sr":1,"st":-42,"op":250,"ip":0,"hd":false,"ddd":0,"bm":0,"hasMask":false,"ao":0,"ks":{"a":{"a":0,"k":[0,0,0],"ix":1},"s":{"a":0,"k":[133.333,133.333,100],"ix":6},"sk":{"a":0,"k":0},"p":{"a":0,"k":[64,64,0],"ix":2},"r":{"a":0,"k":0,"ix":10},"sa":{"a":0,"k":0},"o":{"a":0,"k":100,"ix":11}},"ef":[],"shapes":[{"ty":"gr","bm":0,"hd":false,"mn":"ADBE Vector Group","nm":"Group 1","ix":1,"cix":2,"np":2,"it":[{"ty":"sh","bm":0,"hd":false,"mn":"ADBE Vector Shape - Group","nm":"Path 1","ix":1,"d":1,"ks":{"a":0,"k":{"c":true,"i":[[0.552,0],[0,0],[0,0.552],[0,0],[-0.552,0],[0,0],[0,-0.552],[0,0]],"o":[[0,0],[-0.552,0],[0,0],[0,-0.552],[0,0],[0.552,0],[0,0],[0,0.552]],"v":[[22,19],[-22,19],[-23,18],[-23,-12],[-22,-13],[22,-13],[23,-12],[23,18]]},"ix":2}},{"ty":"fl","bm":0,"hd":false,"mn":"ADBE Vector Graphic - Fill","nm":"Fill 1","c":{"a":0,"k":[1,1,1],"ix":4},"r":1,"o":{"a":0,"k":100,"ix":5}},{"ty":"tr","a":{"a":0,"k":[0,0],"ix":1},"s":{"a":0,"k":[100,100],"ix":3},"sk":{"a":0,"k":0,"ix":4},"p":{"a":0,"k":[0,0],"ix":2},"r":{"a":0,"k":0,"ix":6},"sa":{"a":0,"k":0,"ix":5},"o":{"a":0,"k":100,"ix":7}}]}],"ind":15},{"ty":4,"nm":"Black BG","sr":1,"st":-42,"op":250,"ip":0,"hd":false,"ddd":0,"bm":0,"hasMask":false,"ao":0,"ks":{"a":{"a":0,"k":[0,0,0],"ix":1},"s":{"a":0,"k":[133.333,133.333,100],"ix":6},"sk":{"a":0,"k":0},"p":{"a":0,"k":[64,64,0],"ix":2},"r":{"a":0,"k":0,"ix":10},"sa":{"a":0,"k":0},"o":{"a":0,"k":100,"ix":11}},"ef":[],"shapes":[{"ty":"gr","bm":0,"hd":false,"mn":"ADBE Vector Group","nm":"Group 1","ix":1,"cix":2,"np":2,"it":[{"ty":"sh","bm":0,"hd":false,"mn":"ADBE Vector Shape - Group","nm":"Path 1","ix":1,"d":1,"ks":{"a":0,"k":{"c":true,"i":[[0,-1.1],[0,0],[1.1,0],[0,0],[0,1.1],[0,0],[-1.1,0],[0,0],[0,0],[-1.65,0],[0,1.65],[0,0],[0,0],[0,0],[-1.65,0],[0,1.65],[0,0],[0,0]],"o":[[0,0],[0,1.1],[0,0],[-1.1,0],[0,0],[0,-1.1],[0,0],[0,0],[0,1.65],[1.65,0],[0,0],[0,0],[0,0],[0,1.65],[1.65,0],[0,0],[0,0],[1.1,0]],"v":[[25,-19],[25,19],[23,21],[-23,21],[-25,19],[-25,-19],[-23,-21],[-17,-21],[-17,-18],[-14,-15],[-11,-18],[-11,-21],[11,-21],[11,-18],[14,-15],[17,-18],[17,-21],[23,-21]]},"ix":2}},{"ty":"fl","bm":0,"hd":false,"mn":"ADBE Vector Graphic - Fill","nm":"Fill 1","c":{"a":0,"k":[0,0.5137,0.0196],"ix":4},"r":1,"o":{"a":0,"k":100,"ix":5}},{"ty":"tr","a":{"a":0,"k":[0,0],"ix":1},"s":{"a":0,"k":[100,100],"ix":3},"sk":{"a":0,"k":0,"ix":4},"p":{"a":0,"k":[0,0],"ix":2},"r":{"a":0,"k":0,"ix":6},"sa":{"a":0,"k":0,"ix":5},"o":{"a":0,"k":100,"ix":7}}]}],"ind":16}],"v":"5.5.7","fr":60,"op":249,"ip":0,"assets":[{"nm":"","id":"comp_0","layers":[{"ty":4,"nm":"X 12","sr":1,"st":84,"op":684,"ip":84,"hd":false,"ddd":0,"bm":0,"hasMask":false,"ao":0,"ks":{"a":{"a":0,"k":[-15,-7,0],"ix":1},"s":{"a":1,"k":[{"o":{"x":1,"y":0},"i":{"x":0,"y":1.519},"s":[0,0,100],"t":84},{"s":[2000,2000,100],"t":104}],"ix":6},"sk":{"a":0,"k":0},"p":{"a":1,"k":[{"o":{"x":1,"y":0},"i":{"x":0.667,"y":1},"s":[1260,1220,0],"t":102,"ti":[0,0,0],"to":[0,0,0]},{"s":[1260,1458.438,0],"t":122}],"ix":2},"r":{"a":0,"k":0,"ix":10},"sa":{"a":0,"k":0},"o":{"a":0,"k":100,"ix":11}},"ef":[],"shapes":[{"ty":"gr","bm":0,"hd":false,"mn":"ADBE Vector Group","nm":"Group 1","ix":1,"cix":2,"np":2,"it":[{"ty":"sh","bm":0,"hd":false,"mn":"ADBE Vector Shape - Group","nm":"Path 1","ix":1,"d":1,"ks":{"a":0,"k":{"c":false,"i":[[0,0],[0,0]],"o":[[0,0],[0,0]],"v":[[-13,-9],[-17,-5]]},"ix":2}},{"ty":"st","bm":0,"hd":false,"mn":"ADBE Vector Graphic - Stroke","nm":"Stroke 1","lc":2,"lj":1,"ml":10,"o":{"a":0,"k":100,"ix":4},"w":{"a":0,"k":1,"ix":5},"c":{"a":0,"k":[1,1,1],"ix":3}},{"ty":"tr","a":{"a":0,"k":[0,0],"ix":1},"s":{"a":0,"k":[100,100],"ix":3},"sk":{"a":0,"k":0,"ix":4},"p":{"a":0,"k":[0,0],"ix":2},"r":{"a":0,"k":0,"ix":6},"sa":{"a":0,"k":0,"ix":5},"o":{"a":0,"k":100,"ix":7}}]},{"ty":"gr","bm":0,"hd":false,"mn":"ADBE Vector Group","nm":"Group 2","ix":2,"cix":2,"np":2,"it":[{"ty":"sh","bm":0,"hd":false,"mn":"ADBE Vector Shape - Group","nm":"Path 1","ix":1,"d":1,"ks":{"a":0,"k":{"c":false,"i":[[0,0],[0,0]],"o":[[0,0],[0,0]],"v":[[-17,-9],[-13,-5]]},"ix":2}},{"ty":"st","bm":0,"hd":false,"mn":"ADBE Vector Graphic - Stroke","nm":"Stroke 1","lc":2,"lj":1,"ml":10,"o":{"a":0,"k":100,"ix":4},"w":{"a":0,"k":1,"ix":5},"c":{"a":0,"k":[1,1,1],"ix":3}},{"ty":"tr","a":{"a":0,"k":[0,0],"ix":1},"s":{"a":0,"k":[100,100],"ix":3},"sk":{"a":0,"k":0,"ix":4},"p":{"a":0,"k":[0,0],"ix":2},"r":{"a":0,"k":0,"ix":6},"sa":{"a":0,"k":0,"ix":5},"o":{"a":0,"k":100,"ix":7}}]}],"ind":1},{"ty":4,"nm":"X 11","sr":1,"st":80,"op":680,"ip":80,"hd":false,"ddd":0,"bm":0,"hasMask":false,"ao":0,"ks":{"a":{"a":0,"k":[-15,-7,0],"ix":1},"s":{"a":1,"k":[{"o":{"x":1,"y":0},"i":{"x":0,"y":1.519},"s":[0,0,100],"t":80},{"s":[2000,2000,100],"t":100}],"ix":6},"sk":{"a":0,"k":0},"p":{"a":1,"k":[{"o":{"x":1,"y":0},"i":{"x":0.667,"y":1},"s":[1060,1220,0],"t":104,"ti":[0,0,0],"to":[0,0,0]},{"s":[1060,1458.438,0],"t":124}],"ix":2},"r":{"a":0,"k":0,"ix":10},"sa":{"a":0,"k":0},"o":{"a":0,"k":100,"ix":11}},"ef":[],"shapes":[{"ty":"gr","bm":0,"hd":false,"mn":"ADBE Vector Group","nm":"Group 1","ix":1,"cix":2,"np":2,"it":[{"ty":"sh","bm":0,"hd":false,"mn":"ADBE Vector Shape - Group","nm":"Path 1","ix":1,"d":1,"ks":{"a":0,"k":{"c":false,"i":[[0,0],[0,0]],"o":[[0,0],[0,0]],"v":[[-13,-9],[-17,-5]]},"ix":2}},{"ty":"st","bm":0,"hd":false,"mn":"ADBE Vector Graphic - Stroke","nm":"Stroke 1","lc":2,"lj":1,"ml":10,"o":{"a":0,"k":100,"ix":4},"w":{"a":0,"k":1,"ix":5},"c":{"a":0,"k":[1,1,1],"ix":3}},{"ty":"tr","a":{"a":0,"k":[0,0],"ix":1},"s":{"a":0,"k":[100,100],"ix":3},"sk":{"a":0,"k":0,"ix":4},"p":{"a":0,"k":[0,0],"ix":2},"r":{"a":0,"k":0,"ix":6},"sa":{"a":0,"k":0,"ix":5},"o":{"a":0,"k":100,"ix":7}}]},{"ty":"gr","bm":0,"hd":false,"mn":"ADBE Vector Group","nm":"Group 2","ix":2,"cix":2,"np":2,"it":[{"ty":"sh","bm":0,"hd":false,"mn":"ADBE Vector Shape - Group","nm":"Path 1","ix":1,"d":1,"ks":{"a":0,"k":{"c":false,"i":[[0,0],[0,0]],"o":[[0,0],[0,0]],"v":[[-17,-9],[-13,-5]]},"ix":2}},{"ty":"st","bm":0,"hd":false,"mn":"ADBE Vector Graphic - Stroke","nm":"Stroke 1","lc":2,"lj":1,"ml":10,"o":{"a":0,"k":100,"ix":4},"w":{"a":0,"k":1,"ix":5},"c":{"a":0,"k":[1,1,1],"ix":3}},{"ty":"tr","a":{"a":0,"k":[0,0],"ix":1},"s":{"a":0,"k":[100,100],"ix":3},"sk":{"a":0,"k":0,"ix":4},"p":{"a":0,"k":[0,0],"ix":2},"r":{"a":0,"k":0,"ix":6},"sa":{"a":0,"k":0,"ix":5},"o":{"a":0,"k":100,"ix":7}}]}],"ind":2},{"ty":4,"nm":"X 10","sr":1,"st":76,"op":676,"ip":76,"hd":false,"ddd":0,"bm":0,"hasMask":false,"ao":0,"ks":{"a":{"a":0,"k":[-15,-7,0],"ix":1},"s":{"a":1,"k":[{"o":{"x":1,"y":0},"i":{"x":0,"y":1.519},"s":[0,0,100],"t":76},{"s":[2000,2000,100],"t":96}],"ix":6},"sk":{"a":0,"k":0},"p":{"a":1,"k":[{"o":{"x":1,"y":0},"i":{"x":0.667,"y":1},"s":[860,1220,0],"t":106,"ti":[0,0,0],"to":[0,0,0]},{"s":[860,1458.438,0],"t":126}],"ix":2},"r":{"a":0,"k":0,"ix":10},"sa":{"a":0,"k":0},"o":{"a":0,"k":100,"ix":11}},"ef":[],"shapes":[{"ty":"gr","bm":0,"hd":false,"mn":"ADBE Vector Group","nm":"Group 1","ix":1,"cix":2,"np":2,"it":[{"ty":"sh","bm":0,"hd":false,"mn":"ADBE Vector Shape - Group","nm":"Path 1","ix":1,"d":1,"ks":{"a":0,"k":{"c":false,"i":[[0,0],[0,0]],"o":[[0,0],[0,0]],"v":[[-13,-9],[-17,-5]]},"ix":2}},{"ty":"st","bm":0,"hd":false,"mn":"ADBE Vector Graphic - Stroke","nm":"Stroke 1","lc":2,"lj":1,"ml":10,"o":{"a":0,"k":100,"ix":4},"w":{"a":0,"k":1,"ix":5},"c":{"a":0,"k":[1,1,1],"ix":3}},{"ty":"tr","a":{"a":0,"k":[0,0],"ix":1},"s":{"a":0,"k":[100,100],"ix":3},"sk":{"a":0,"k":0,"ix":4},"p":{"a":0,"k":[0,0],"ix":2},"r":{"a":0,"k":0,"ix":6},"sa":{"a":0,"k":0,"ix":5},"o":{"a":0,"k":100,"ix":7}}]},{"ty":"gr","bm":0,"hd":false,"mn":"ADBE Vector Group","nm":"Group 2","ix":2,"cix":2,"np":2,"it":[{"ty":"sh","bm":0,"hd":false,"mn":"ADBE Vector Shape - Group","nm":"Path 1","ix":1,"d":1,"ks":{"a":0,"k":{"c":false,"i":[[0,0],[0,0]],"o":[[0,0],[0,0]],"v":[[-17,-9],[-13,-5]]},"ix":2}},{"ty":"st","bm":0,"hd":false,"mn":"ADBE Vector Graphic - Stroke","nm":"Stroke 1","lc":2,"lj":1,"ml":10,"o":{"a":0,"k":100,"ix":4},"w":{"a":0,"k":1,"ix":5},"c":{"a":0,"k":[1,1,1],"ix":3}},{"ty":"tr","a":{"a":0,"k":[0,0],"ix":1},"s":{"a":0,"k":[100,100],"ix":3},"sk":{"a":0,"k":0,"ix":4},"p":{"a":0,"k":[0,0],"ix":2},"r":{"a":0,"k":0,"ix":6},"sa":{"a":0,"k":0,"ix":5},"o":{"a":0,"k":100,"ix":7}}]}],"ind":3},{"ty":4,"nm":"X 9","sr":1,"st":72,"op":672,"ip":72,"hd":false,"ddd":0,"bm":0,"hasMask":false,"ao":0,"ks":{"a":{"a":0,"k":[-15,-7,0],"ix":1},"s":{"a":1,"k":[{"o":{"x":1,"y":0},"i":{"x":0,"y":1.519},"s":[0,0,100],"t":72},{"s":[2000,2000,100],"t":92}],"ix":6},"sk":{"a":0,"k":0},"p":{"a":1,"k":[{"o":{"x":1,"y":0},"i":{"x":0.667,"y":1},"s":[660,1220,0],"t":108,"ti":[0,0,0],"to":[0,0,0]},{"s":[660,1458.438,0],"t":128}],"ix":2},"r":{"a":0,"k":0,"ix":10},"sa":{"a":0,"k":0},"o":{"a":0,"k":100,"ix":11}},"ef":[],"shapes":[{"ty":"gr","bm":0,"hd":false,"mn":"ADBE Vector Group","nm":"Group 1","ix":1,"cix":2,"np":2,"it":[{"ty":"sh","bm":0,"hd":false,"mn":"ADBE Vector Shape - Group","nm":"Path 1","ix":1,"d":1,"ks":{"a":0,"k":{"c":false,"i":[[0,0],[0,0]],"o":[[0,0],[0,0]],"v":[[-13,-9],[-17,-5]]},"ix":2}},{"ty":"st","bm":0,"hd":false,"mn":"ADBE Vector Graphic - Stroke","nm":"Stroke 1","lc":2,"lj":1,"ml":10,"o":{"a":0,"k":100,"ix":4},"w":{"a":0,"k":1,"ix":5},"c":{"a":0,"k":[1,1,1],"ix":3}},{"ty":"tr","a":{"a":0,"k":[0,0],"ix":1},"s":{"a":0,"k":[100,100],"ix":3},"sk":{"a":0,"k":0,"ix":4},"p":{"a":0,"k":[0,0],"ix":2},"r":{"a":0,"k":0,"ix":6},"sa":{"a":0,"k":0,"ix":5},"o":{"a":0,"k":100,"ix":7}}]},{"ty":"gr","bm":0,"hd":false,"mn":"ADBE Vector Group","nm":"Group 2","ix":2,"cix":2,"np":2,"it":[{"ty":"sh","bm":0,"hd":false,"mn":"ADBE Vector Shape - Group","nm":"Path 1","ix":1,"d":1,"ks":{"a":0,"k":{"c":false,"i":[[0,0],[0,0]],"o":[[0,0],[0,0]],"v":[[-17,-9],[-13,-5]]},"ix":2}},{"ty":"st","bm":0,"hd":false,"mn":"ADBE Vector Graphic - Stroke","nm":"Stroke 1","lc":2,"lj":1,"ml":10,"o":{"a":0,"k":100,"ix":4},"w":{"a":0,"k":1,"ix":5},"c":{"a":0,"k":[1,1,1],"ix":3}},{"ty":"tr","a":{"a":0,"k":[0,0],"ix":1},"s":{"a":0,"k":[100,100],"ix":3},"sk":{"a":0,"k":0,"ix":4},"p":{"a":0,"k":[0,0],"ix":2},"r":{"a":0,"k":0,"ix":6},"sa":{"a":0,"k":0,"ix":5},"o":{"a":0,"k":100,"ix":7}}]}],"ind":4},{"ty":4,"nm":"X 8","sr":1,"st":68,"op":668,"ip":68,"hd":false,"ddd":0,"bm":0,"hasMask":false,"ao":0,"ks":{"a":{"a":0,"k":[-15,-7,0],"ix":1},"s":{"a":1,"k":[{"o":{"x":1,"y":0},"i":{"x":0,"y":1.519},"s":[0,0,100],"t":68},{"s":[2000,2000,100],"t":88}],"ix":6},"sk":{"a":0,"k":0},"p":{"a":1,"k":[{"o":{"x":1,"y":0},"i":{"x":0.667,"y":1},"s":[1260,1020,0],"t":110,"ti":[0,0,0],"to":[0,0,0]},{"s":[1260,1458.438,0],"t":130}],"ix":2},"r":{"a":0,"k":0,"ix":10},"sa":{"a":0,"k":0},"o":{"a":0,"k":100,"ix":11}},"ef":[],"shapes":[{"ty":"gr","bm":0,"hd":false,"mn":"ADBE Vector Group","nm":"Group 1","ix":1,"cix":2,"np":2,"it":[{"ty":"sh","bm":0,"hd":false,"mn":"ADBE Vector Shape - Group","nm":"Path 1","ix":1,"d":1,"ks":{"a":0,"k":{"c":false,"i":[[0,0],[0,0]],"o":[[0,0],[0,0]],"v":[[-13,-9],[-17,-5]]},"ix":2}},{"ty":"st","bm":0,"hd":false,"mn":"ADBE Vector Graphic - Stroke","nm":"Stroke 1","lc":2,"lj":1,"ml":10,"o":{"a":0,"k":100,"ix":4},"w":{"a":0,"k":1,"ix":5},"c":{"a":0,"k":[1,1,1],"ix":3}},{"ty":"tr","a":{"a":0,"k":[0,0],"ix":1},"s":{"a":0,"k":[100,100],"ix":3},"sk":{"a":0,"k":0,"ix":4},"p":{"a":0,"k":[0,0],"ix":2},"r":{"a":0,"k":0,"ix":6},"sa":{"a":0,"k":0,"ix":5},"o":{"a":0,"k":100,"ix":7}}]},{"ty":"gr","bm":0,"hd":false,"mn":"ADBE Vector Group","nm":"Group 2","ix":2,"cix":2,"np":2,"it":[{"ty":"sh","bm":0,"hd":false,"mn":"ADBE Vector Shape - Group","nm":"Path 1","ix":1,"d":1,"ks":{"a":0,"k":{"c":false,"i":[[0,0],[0,0]],"o":[[0,0],[0,0]],"v":[[-17,-9],[-13,-5]]},"ix":2}},{"ty":"st","bm":0,"hd":false,"mn":"ADBE Vector Graphic - Stroke","nm":"Stroke 1","lc":2,"lj":1,"ml":10,"o":{"a":0,"k":100,"ix":4},"w":{"a":0,"k":1,"ix":5},"c":{"a":0,"k":[1,1,1],"ix":3}},{"ty":"tr","a":{"a":0,"k":[0,0],"ix":1},"s":{"a":0,"k":[100,100],"ix":3},"sk":{"a":0,"k":0,"ix":4},"p":{"a":0,"k":[0,0],"ix":2},"r":{"a":0,"k":0,"ix":6},"sa":{"a":0,"k":0,"ix":5},"o":{"a":0,"k":100,"ix":7}}]}],"ind":5},{"ty":4,"nm":"X 7","sr":1,"st":64,"op":664,"ip":64,"hd":false,"ddd":0,"bm":0,"hasMask":false,"ao":0,"ks":{"a":{"a":0,"k":[-15,-7,0],"ix":1},"s":{"a":1,"k":[{"o":{"x":1,"y":0},"i":{"x":0,"y":1.519},"s":[0,0,100],"t":64},{"s":[2000,2000,100],"t":84}],"ix":6},"sk":{"a":0,"k":0},"p":{"a":1,"k":[{"o":{"x":1,"y":0},"i":{"x":0.667,"y":1},"s":[1060,1020,0],"t":112,"ti":[0,0,0],"to":[0,0,0]},{"s":[1060,1458.438,0],"t":132}],"ix":2},"r":{"a":0,"k":0,"ix":10},"sa":{"a":0,"k":0},"o":{"a":0,"k":100,"ix":11}},"ef":[],"shapes":[{"ty":"gr","bm":0,"hd":false,"mn":"ADBE Vector Group","nm":"Group 1","ix":1,"cix":2,"np":2,"it":[{"ty":"sh","bm":0,"hd":false,"mn":"ADBE Vector Shape - Group","nm":"Path 1","ix":1,"d":1,"ks":{"a":0,"k":{"c":false,"i":[[0,0],[0,0]],"o":[[0,0],[0,0]],"v":[[-13,-9],[-17,-5]]},"ix":2}},{"ty":"st","bm":0,"hd":false,"mn":"ADBE Vector Graphic - Stroke","nm":"Stroke 1","lc":2,"lj":1,"ml":10,"o":{"a":0,"k":100,"ix":4},"w":{"a":0,"k":1,"ix":5},"c":{"a":0,"k":[1,1,1],"ix":3}},{"ty":"tr","a":{"a":0,"k":[0,0],"ix":1},"s":{"a":0,"k":[100,100],"ix":3},"sk":{"a":0,"k":0,"ix":4},"p":{"a":0,"k":[0,0],"ix":2},"r":{"a":0,"k":0,"ix":6},"sa":{"a":0,"k":0,"ix":5},"o":{"a":0,"k":100,"ix":7}}]},{"ty":"gr","bm":0,"hd":false,"mn":"ADBE Vector Group","nm":"Group 2","ix":2,"cix":2,"np":2,"it":[{"ty":"sh","bm":0,"hd":false,"mn":"ADBE Vector Shape - Group","nm":"Path 1","ix":1,"d":1,"ks":{"a":0,"k":{"c":false,"i":[[0,0],[0,0]],"o":[[0,0],[0,0]],"v":[[-17,-9],[-13,-5]]},"ix":2}},{"ty":"st","bm":0,"hd":false,"mn":"ADBE Vector Graphic - Stroke","nm":"Stroke 1","lc":2,"lj":1,"ml":10,"o":{"a":0,"k":100,"ix":4},"w":{"a":0,"k":1,"ix":5},"c":{"a":0,"k":[1,1,1],"ix":3}},{"ty":"tr","a":{"a":0,"k":[0,0],"ix":1},"s":{"a":0,"k":[100,100],"ix":3},"sk":{"a":0,"k":0,"ix":4},"p":{"a":0,"k":[0,0],"ix":2},"r":{"a":0,"k":0,"ix":6},"sa":{"a":0,"k":0,"ix":5},"o":{"a":0,"k":100,"ix":7}}]}],"ind":6},{"ty":4,"nm":"X 6","sr":1,"st":60,"op":660,"ip":60,"hd":false,"ddd":0,"bm":0,"hasMask":false,"ao":0,"ks":{"a":{"a":0,"k":[-15,-7,0],"ix":1},"s":{"a":1,"k":[{"o":{"x":1,"y":0},"i":{"x":0,"y":1.519},"s":[0,0,100],"t":60},{"s":[2000,2000,100],"t":80}],"ix":6},"sk":{"a":0,"k":0},"p":{"a":1,"k":[{"o":{"x":1,"y":0},"i":{"x":0.667,"y":1},"s":[860,1020,0],"t":114,"ti":[0,0,0],"to":[0,0,0]},{"s":[860,1458.438,0],"t":134}],"ix":2},"r":{"a":0,"k":0,"ix":10},"sa":{"a":0,"k":0},"o":{"a":0,"k":100,"ix":11}},"ef":[],"shapes":[{"ty":"gr","bm":0,"hd":false,"mn":"ADBE Vector Group","nm":"Group 1","ix":1,"cix":2,"np":2,"it":[{"ty":"sh","bm":0,"hd":false,"mn":"ADBE Vector Shape - Group","nm":"Path 1","ix":1,"d":1,"ks":{"a":0,"k":{"c":false,"i":[[0,0],[0,0]],"o":[[0,0],[0,0]],"v":[[-13,-9],[-17,-5]]},"ix":2}},{"ty":"st","bm":0,"hd":false,"mn":"ADBE Vector Graphic - Stroke","nm":"Stroke 1","lc":2,"lj":1,"ml":10,"o":{"a":0,"k":100,"ix":4},"w":{"a":0,"k":1,"ix":5},"c":{"a":0,"k":[1,1,1],"ix":3}},{"ty":"tr","a":{"a":0,"k":[0,0],"ix":1},"s":{"a":0,"k":[100,100],"ix":3},"sk":{"a":0,"k":0,"ix":4},"p":{"a":0,"k":[0,0],"ix":2},"r":{"a":0,"k":0,"ix":6},"sa":{"a":0,"k":0,"ix":5},"o":{"a":0,"k":100,"ix":7}}]},{"ty":"gr","bm":0,"hd":false,"mn":"ADBE Vector Group","nm":"Group 2","ix":2,"cix":2,"np":2,"it":[{"ty":"sh","bm":0,"hd":false,"mn":"ADBE Vector Shape - Group","nm":"Path 1","ix":1,"d":1,"ks":{"a":0,"k":{"c":false,"i":[[0,0],[0,0]],"o":[[0,0],[0,0]],"v":[[-17,-9],[-13,-5]]},"ix":2}},{"ty":"st","bm":0,"hd":false,"mn":"ADBE Vector Graphic - Stroke","nm":"Stroke 1","lc":2,"lj":1,"ml":10,"o":{"a":0,"k":100,"ix":4},"w":{"a":0,"k":1,"ix":5},"c":{"a":0,"k":[1,1,1],"ix":3}},{"ty":"tr","a":{"a":0,"k":[0,0],"ix":1},"s":{"a":0,"k":[100,100],"ix":3},"sk":{"a":0,"k":0,"ix":4},"p":{"a":0,"k":[0,0],"ix":2},"r":{"a":0,"k":0,"ix":6},"sa":{"a":0,"k":0,"ix":5},"o":{"a":0,"k":100,"ix":7}}]}],"ind":7},{"ty":4,"nm":"X 5","sr":1,"st":56,"op":656,"ip":56,"hd":false,"ddd":0,"bm":0,"hasMask":false,"ao":0,"ks":{"a":{"a":0,"k":[-15,-7,0],"ix":1},"s":{"a":1,"k":[{"o":{"x":1,"y":0},"i":{"x":0,"y":1.519},"s":[0,0,100],"t":56},{"s":[2000,2000,100],"t":76}],"ix":6},"sk":{"a":0,"k":0},"p":{"a":1,"k":[{"o":{"x":1,"y":0},"i":{"x":0.667,"y":1},"s":[660,1020,0],"t":116,"ti":[0,0,0],"to":[0,0,0]},{"s":[660,1458.438,0],"t":136}],"ix":2},"r":{"a":0,"k":0,"ix":10},"sa":{"a":0,"k":0},"o":{"a":0,"k":100,"ix":11}},"ef":[],"shapes":[{"ty":"gr","bm":0,"hd":false,"mn":"ADBE Vector Group","nm":"Group 1","ix":1,"cix":2,"np":2,"it":[{"ty":"sh","bm":0,"hd":false,"mn":"ADBE Vector Shape - Group","nm":"Path 1","ix":1,"d":1,"ks":{"a":0,"k":{"c":false,"i":[[0,0],[0,0]],"o":[[0,0],[0,0]],"v":[[-13,-9],[-17,-5]]},"ix":2}},{"ty":"st","bm":0,"hd":false,"mn":"ADBE Vector Graphic - Stroke","nm":"Stroke 1","lc":2,"lj":1,"ml":10,"o":{"a":0,"k":100,"ix":4},"w":{"a":0,"k":1,"ix":5},"c":{"a":0,"k":[1,1,1],"ix":3}},{"ty":"tr","a":{"a":0,"k":[0,0],"ix":1},"s":{"a":0,"k":[100,100],"ix":3},"sk":{"a":0,"k":0,"ix":4},"p":{"a":0,"k":[0,0],"ix":2},"r":{"a":0,"k":0,"ix":6},"sa":{"a":0,"k":0,"ix":5},"o":{"a":0,"k":100,"ix":7}}]},{"ty":"gr","bm":0,"hd":false,"mn":"ADBE Vector Group","nm":"Group 2","ix":2,"cix":2,"np":2,"it":[{"ty":"sh","bm":0,"hd":false,"mn":"ADBE Vector Shape - Group","nm":"Path 1","ix":1,"d":1,"ks":{"a":0,"k":{"c":false,"i":[[0,0],[0,0]],"o":[[0,0],[0,0]],"v":[[-17,-9],[-13,-5]]},"ix":2}},{"ty":"st","bm":0,"hd":false,"mn":"ADBE Vector Graphic - Stroke","nm":"Stroke 1","lc":2,"lj":1,"ml":10,"o":{"a":0,"k":100,"ix":4},"w":{"a":0,"k":1,"ix":5},"c":{"a":0,"k":[1,1,1],"ix":3}},{"ty":"tr","a":{"a":0,"k":[0,0],"ix":1},"s":{"a":0,"k":[100,100],"ix":3},"sk":{"a":0,"k":0,"ix":4},"p":{"a":0,"k":[0,0],"ix":2},"r":{"a":0,"k":0,"ix":6},"sa":{"a":0,"k":0,"ix":5},"o":{"a":0,"k":100,"ix":7}}]}],"ind":8},{"ty":4,"nm":"X 4","sr":1,"st":52,"op":652,"ip":52,"hd":false,"ddd":0,"bm":0,"hasMask":false,"ao":0,"ks":{"a":{"a":0,"k":[-15,-7,0],"ix":1},"s":{"a":1,"k":[{"o":{"x":1,"y":0},"i":{"x":0,"y":1.519},"s":[0,0,100],"t":52},{"s":[2000,2000,100],"t":72}],"ix":6},"sk":{"a":0,"k":0},"p":{"a":1,"k":[{"o":{"x":1,"y":0},"i":{"x":0.667,"y":1},"s":[1260,820,0],"t":118,"ti":[0,0,0],"to":[0,0,0]},{"s":[1260,1458.438,0],"t":138}],"ix":2},"r":{"a":0,"k":0,"ix":10},"sa":{"a":0,"k":0},"o":{"a":0,"k":100,"ix":11}},"ef":[],"shapes":[{"ty":"gr","bm":0,"hd":false,"mn":"ADBE Vector Group","nm":"Group 1","ix":1,"cix":2,"np":2,"it":[{"ty":"sh","bm":0,"hd":false,"mn":"ADBE Vector Shape - Group","nm":"Path 1","ix":1,"d":1,"ks":{"a":0,"k":{"c":false,"i":[[0,0],[0,0]],"o":[[0,0],[0,0]],"v":[[-13,-9],[-17,-5]]},"ix":2}},{"ty":"st","bm":0,"hd":false,"mn":"ADBE Vector Graphic - Stroke","nm":"Stroke 1","lc":2,"lj":1,"ml":10,"o":{"a":0,"k":100,"ix":4},"w":{"a":0,"k":1,"ix":5},"c":{"a":0,"k":[1,1,1],"ix":3}},{"ty":"tr","a":{"a":0,"k":[0,0],"ix":1},"s":{"a":0,"k":[100,100],"ix":3},"sk":{"a":0,"k":0,"ix":4},"p":{"a":0,"k":[0,0],"ix":2},"r":{"a":0,"k":0,"ix":6},"sa":{"a":0,"k":0,"ix":5},"o":{"a":0,"k":100,"ix":7}}]},{"ty":"gr","bm":0,"hd":false,"mn":"ADBE Vector Group","nm":"Group 2","ix":2,"cix":2,"np":2,"it":[{"ty":"sh","bm":0,"hd":false,"mn":"ADBE Vector Shape - Group","nm":"Path 1","ix":1,"d":1,"ks":{"a":0,"k":{"c":false,"i":[[0,0],[0,0]],"o":[[0,0],[0,0]],"v":[[-17,-9],[-13,-5]]},"ix":2}},{"ty":"st","bm":0,"hd":false,"mn":"ADBE Vector Graphic - Stroke","nm":"Stroke 1","lc":2,"lj":1,"ml":10,"o":{"a":0,"k":100,"ix":4},"w":{"a":0,"k":1,"ix":5},"c":{"a":0,"k":[1,1,1],"ix":3}},{"ty":"tr","a":{"a":0,"k":[0,0],"ix":1},"s":{"a":0,"k":[100,100],"ix":3},"sk":{"a":0,"k":0,"ix":4},"p":{"a":0,"k":[0,0],"ix":2},"r":{"a":0,"k":0,"ix":6},"sa":{"a":0,"k":0,"ix":5},"o":{"a":0,"k":100,"ix":7}}]}],"ind":9},{"ty":4,"nm":"X 3","sr":1,"st":48,"op":648,"ip":48,"hd":false,"ddd":0,"bm":0,"hasMask":false,"ao":0,"ks":{"a":{"a":0,"k":[-15,-7,0],"ix":1},"s":{"a":1,"k":[{"o":{"x":1,"y":0},"i":{"x":0,"y":1.519},"s":[0,0,100],"t":48},{"s":[2000,2000,100],"t":68}],"ix":6},"sk":{"a":0,"k":0},"p":{"a":1,"k":[{"o":{"x":1,"y":0},"i":{"x":0.667,"y":1},"s":[1060,820,0],"t":120,"ti":[0,0,0],"to":[0,0,0]},{"s":[1060,1458.438,0],"t":140}],"ix":2},"r":{"a":0,"k":0,"ix":10},"sa":{"a":0,"k":0},"o":{"a":0,"k":100,"ix":11}},"ef":[],"shapes":[{"ty":"gr","bm":0,"hd":false,"mn":"ADBE Vector Group","nm":"Group 1","ix":1,"cix":2,"np":2,"it":[{"ty":"sh","bm":0,"hd":false,"mn":"ADBE Vector Shape - Group","nm":"Path 1","ix":1,"d":1,"ks":{"a":0,"k":{"c":false,"i":[[0,0],[0,0]],"o":[[0,0],[0,0]],"v":[[-13,-9],[-17,-5]]},"ix":2}},{"ty":"st","bm":0,"hd":false,"mn":"ADBE Vector Graphic - Stroke","nm":"Stroke 1","lc":2,"lj":1,"ml":10,"o":{"a":0,"k":100,"ix":4},"w":{"a":0,"k":1,"ix":5},"c":{"a":0,"k":[1,1,1],"ix":3}},{"ty":"tr","a":{"a":0,"k":[0,0],"ix":1},"s":{"a":0,"k":[100,100],"ix":3},"sk":{"a":0,"k":0,"ix":4},"p":{"a":0,"k":[0,0],"ix":2},"r":{"a":0,"k":0,"ix":6},"sa":{"a":0,"k":0,"ix":5},"o":{"a":0,"k":100,"ix":7}}]},{"ty":"gr","bm":0,"hd":false,"mn":"ADBE Vector Group","nm":"Group 2","ix":2,"cix":2,"np":2,"it":[{"ty":"sh","bm":0,"hd":false,"mn":"ADBE Vector Shape - Group","nm":"Path 1","ix":1,"d":1,"ks":{"a":0,"k":{"c":false,"i":[[0,0],[0,0]],"o":[[0,0],[0,0]],"v":[[-17,-9],[-13,-5]]},"ix":2}},{"ty":"st","bm":0,"hd":false,"mn":"ADBE Vector Graphic - Stroke","nm":"Stroke 1","lc":2,"lj":1,"ml":10,"o":{"a":0,"k":100,"ix":4},"w":{"a":0,"k":1,"ix":5},"c":{"a":0,"k":[1,1,1],"ix":3}},{"ty":"tr","a":{"a":0,"k":[0,0],"ix":1},"s":{"a":0,"k":[100,100],"ix":3},"sk":{"a":0,"k":0,"ix":4},"p":{"a":0,"k":[0,0],"ix":2},"r":{"a":0,"k":0,"ix":6},"sa":{"a":0,"k":0,"ix":5},"o":{"a":0,"k":100,"ix":7}}]}],"ind":10},{"ty":4,"nm":"X 2","sr":1,"st":44,"op":644,"ip":44,"hd":false,"ddd":0,"bm":0,"hasMask":false,"ao":0,"ks":{"a":{"a":0,"k":[-15,-7,0],"ix":1},"s":{"a":1,"k":[{"o":{"x":1,"y":0},"i":{"x":0,"y":1.519},"s":[0,0,100],"t":44},{"s":[2000,2000,100],"t":64}],"ix":6},"sk":{"a":0,"k":0},"p":{"a":1,"k":[{"o":{"x":1,"y":0},"i":{"x":0.667,"y":1},"s":[860,820,0],"t":122,"ti":[0,0,0],"to":[0,0,0]},{"s":[860,1458.438,0],"t":142}],"ix":2},"r":{"a":0,"k":0,"ix":10},"sa":{"a":0,"k":0},"o":{"a":0,"k":100,"ix":11}},"ef":[],"shapes":[{"ty":"gr","bm":0,"hd":false,"mn":"ADBE Vector Group","nm":"Group 1","ix":1,"cix":2,"np":2,"it":[{"ty":"sh","bm":0,"hd":false,"mn":"ADBE Vector Shape - Group","nm":"Path 1","ix":1,"d":1,"ks":{"a":0,"k":{"c":false,"i":[[0,0],[0,0]],"o":[[0,0],[0,0]],"v":[[-13,-9],[-17,-5]]},"ix":2}},{"ty":"st","bm":0,"hd":false,"mn":"ADBE Vector Graphic - Stroke","nm":"Stroke 1","lc":2,"lj":1,"ml":10,"o":{"a":0,"k":100,"ix":4},"w":{"a":0,"k":1,"ix":5},"c":{"a":0,"k":[1,1,1],"ix":3}},{"ty":"tr","a":{"a":0,"k":[0,0],"ix":1},"s":{"a":0,"k":[100,100],"ix":3},"sk":{"a":0,"k":0,"ix":4},"p":{"a":0,"k":[0,0],"ix":2},"r":{"a":0,"k":0,"ix":6},"sa":{"a":0,"k":0,"ix":5},"o":{"a":0,"k":100,"ix":7}}]},{"ty":"gr","bm":0,"hd":false,"mn":"ADBE Vector Group","nm":"Group 2","ix":2,"cix":2,"np":2,"it":[{"ty":"sh","bm":0,"hd":false,"mn":"ADBE Vector Shape - Group","nm":"Path 1","ix":1,"d":1,"ks":{"a":0,"k":{"c":false,"i":[[0,0],[0,0]],"o":[[0,0],[0,0]],"v":[[-17,-9],[-13,-5]]},"ix":2}},{"ty":"st","bm":0,"hd":false,"mn":"ADBE Vector Graphic - Stroke","nm":"Stroke 1","lc":2,"lj":1,"ml":10,"o":{"a":0,"k":100,"ix":4},"w":{"a":0,"k":1,"ix":5},"c":{"a":0,"k":[1,1,1],"ix":3}},{"ty":"tr","a":{"a":0,"k":[0,0],"ix":1},"s":{"a":0,"k":[100,100],"ix":3},"sk":{"a":0,"k":0,"ix":4},"p":{"a":0,"k":[0,0],"ix":2},"r":{"a":0,"k":0,"ix":6},"sa":{"a":0,"k":0,"ix":5},"o":{"a":0,"k":100,"ix":7}}]}],"ind":11},{"ty":4,"nm":"X 1","sr":1,"st":40,"op":640,"ip":40,"hd":false,"ddd":0,"bm":0,"hasMask":false,"ao":0,"ks":{"a":{"a":0,"k":[-15,-7,0],"ix":1},"s":{"a":1,"k":[{"o":{"x":1,"y":0},"i":{"x":0,"y":1.519},"s":[0,0,100],"t":40},{"s":[2000,2000,100],"t":60}],"ix":6},"sk":{"a":0,"k":0},"p":{"a":1,"k":[{"o":{"x":1,"y":0},"i":{"x":0.667,"y":1},"s":[660,820,0],"t":124,"ti":[0,0,0],"to":[0,0,0]},{"s":[660,1458.438,0],"t":144}],"ix":2},"r":{"a":0,"k":0,"ix":10},"sa":{"a":0,"k":0},"o":{"a":0,"k":100,"ix":11}},"ef":[],"shapes":[{"ty":"gr","bm":0,"hd":false,"mn":"ADBE Vector Group","nm":"Group 1","ix":1,"cix":2,"np":2,"it":[{"ty":"sh","bm":0,"hd":false,"mn":"ADBE Vector Shape - Group","nm":"Path 1","ix":1,"d":1,"ks":{"a":0,"k":{"c":false,"i":[[0,0],[0,0]],"o":[[0,0],[0,0]],"v":[[-13,-9],[-17,-5]]},"ix":2}},{"ty":"st","bm":0,"hd":false,"mn":"ADBE Vector Graphic - Stroke","nm":"Stroke 1","lc":2,"lj":1,"ml":10,"o":{"a":0,"k":100,"ix":4},"w":{"a":0,"k":1,"ix":5},"c":{"a":0,"k":[1,1,1],"ix":3}},{"ty":"tr","a":{"a":0,"k":[0,0],"ix":1},"s":{"a":0,"k":[100,100],"ix":3},"sk":{"a":0,"k":0,"ix":4},"p":{"a":0,"k":[0,0],"ix":2},"r":{"a":0,"k":0,"ix":6},"sa":{"a":0,"k":0,"ix":5},"o":{"a":0,"k":100,"ix":7}}]},{"ty":"gr","bm":0,"hd":false,"mn":"ADBE Vector Group","nm":"Group 2","ix":2,"cix":2,"np":2,"it":[{"ty":"sh","bm":0,"hd":false,"mn":"ADBE Vector Shape - Group","nm":"Path 1","ix":1,"d":1,"ks":{"a":0,"k":{"c":false,"i":[[0,0],[0,0]],"o":[[0,0],[0,0]],"v":[[-17,-9],[-13,-5]]},"ix":2}},{"ty":"st","bm":0,"hd":false,"mn":"ADBE Vector Graphic - Stroke","nm":"Stroke 1","lc":2,"lj":1,"ml":10,"o":{"a":0,"k":100,"ix":4},"w":{"a":0,"k":1,"ix":5},"c":{"a":0,"k":[1,1,1],"ix":3}},{"ty":"tr","a":{"a":0,"k":[0,0],"ix":1},"s":{"a":0,"k":[100,100],"ix":3},"sk":{"a":0,"k":0,"ix":4},"p":{"a":0,"k":[0,0],"ix":2},"r":{"a":0,"k":0,"ix":6},"sa":{"a":0,"k":0,"ix":5},"o":{"a":0,"k":100,"ix":7}}]}],"ind":12}]}]}